fps,frame_count,duration_sec,width,height,name,split
30.0,300.0,10.0,480.0,360.0,train951.mp4,train
29.97002997002997,300.0,10.01,480.0,360.0,train952.mp4,train
30.0,300.0,10.0,406.0,720.0,test1463.mp4,train
29.97002997002997,300.0,10.01,640.0,360.0,test2340.mp4,train
23.976023976023978,863.0,35.99429166666666,640.0,360.0,stu5_11.mp4,train
23.976023976023978,1295.0,54.01229166666666,640.0,360.0,stu9_2.mp4,train
29.97002997002997,1469.0,49.015633333333334,640.0,360.0,stu6_18.mp4,train
25.0,500.0,20.0,640.0,360.0,stu4_14.mp4,train
29.97002997002997,959.0,31.998633333333334,640.0,360.0,stu8_3.mp4,train
29.97002997002997,1379.0,46.01263333333333,640.0,360.0,stu4_54.mp4,train
16.0,160.0,10.0,320.0,240.0,test128.mp4,train
25.0,1125.0,45.0,640.0,360.0,stu4_66.mp4,train
23.976023976023978,216.0,9.008999999999999,640.0,360.0,stu5_61.mp4,train
30.0,330.0,11.0,640.0,360.0,stu6_35.mp4,train
14.0,140.0,10.0,640.0,360.0,val77.mp4,train
30.0,1350.0,45.0,640.0,360.0,stu9_63.mp4,train
29.97002997002997,1199.0,40.00663333333333,640.0,360.0,stu5_52.mp4,train
30.0,810.0,27.0,640.0,360.0,stu2_35.mp4,train
24.0,960.0,40.0,640.0,360.0,stu6_1.mp4,train
30.0,1800.0,60.0,640.0,360.0,stu7_57.mp4,train
30.0,300.0,10.0,320.0,240.0,train133.mp4,train
30.0,1800.0,60.0,640.0,360.0,stu7_49.mp4,train
24.0,1440.0,60.0,640.0,360.0,stu9_51.mp4,train
9.0,90.0,10.0,320.0,240.0,train3301.mp4,train
25.0,775.0,31.0,640.0,360.0,stu10_50.mp4,train
30.0,1500.0,50.0,640.0,360.0,stu8_35.mp4,train
23.976023976023978,936.0,39.038999999999994,640.0,360.0,stu1_68.mp4,train
25.0,250.0,10.0,640.0,360.0,train1605.mp4,train
30.0,300.0,10.0,480.0,270.0,train940.mp4,train
25.0,1000.0,40.0,640.0,360.0,stu7_34.mp4,train
29.97002997002997,1799.0,60.026633333333336,540.0,360.0,stu2_58.mp4,train
30.0,900.0,30.0,640.0,360.0,stu4_50.mp4,train
29.97002997002997,2308.0,77.01026666666667,640.0,360.0,stu1_33.mp4,train
29.97002997002997,899.0,29.996633333333335,640.0,360.0,stu9_22.mp4,train
30.0,930.0,31.0,640.0,360.0,stu7_3.mp4,train
23.976023976023978,671.0,27.986291666666666,640.0,360.0,stu1_14.mp4,train
23.976023976023978,815.0,33.99229166666667,640.0,360.0,stu3_42.mp4,train
30.0,480.0,16.0,640.0,360.0,stu4_15.mp4,train
29.97,749.0,24.991658324991658,640.0,360.0,stu6_62.mp4,train
29.0,290.0,10.0,640.0,360.0,train987.mp4,train
25.0,250.0,10.0,1280.0,720.0,stu8_64.mp4,train
29.91825613079019,360.0,12.032786885245901,360.0,360.0,stu4_39.mp4,train
29.97002997002997,960.0,32.032000000000004,202.0,360.0,stu2_40.mp4,train
30.0,750.0,25.0,640.0,360.0,stu7_18.mp4,train
30.0,300.0,10.0,640.0,360.0,train160.mp4,train
23.976023976023978,1607.0,67.02529166666666,1280.0,720.0,stu7_67.mp4,train
25.0,250.0,10.0,270.0,360.0,train180.mp4,train
25.0,275.0,11.0,640.0,360.0,stu6_29.mp4,train
23.976023976023978,719.0,29.988291666666665,640.0,360.0,stu10_46.mp4,train
15.0,585.0,39.0,424.0,240.0,stu6_33.mp4,train
30.0,480.0,16.0,640.0,360.0,stu4_33.mp4,train
29.97002997002997,1109.0,37.00363333333333,640.0,360.0,stu3_65.mp4,train
30.0,900.0,30.0,640.0,360.0,stu6_8.mp4,train
30.0,1800.0,60.0,640.0,360.0,stu1_41.mp4,train
30.0,300.0,10.0,202.0,360.0,train2719.mp4,train
29.97002997002997,449.0,14.981633333333333,640.0,360.0,stu9_26.mp4,train
29.97002997002997,1199.0,40.00663333333333,640.0,360.0,stu7_60.mp4,train
29.97002997002997,1229.0,41.00763333333333,640.0,360.0,stu2_51.mp4,train
30.0,720.0,24.0,202.0,360.0,stu8_1.mp4,train
30.0,390.0,13.0,480.0,720.0,stu10_64.mp4,train
29.97002997002997,299.0,9.976633333333334,640.0,360.0,stu10_31.mp4,train
30.0,300.0,10.0,482.0,360.0,train2712.mp4,train
23.976023976023978,216.0,9.008999999999999,640.0,360.0,stu1_22.mp4,train
30.0,600.0,20.0,640.0,360.0,stu4_25.mp4,train
29.97002997002997,1349.0,45.011633333333336,1280.0,720.0,stu3_61.mp4,train
30.0,1800.0,60.0,1280.0,720.0,stu8_63.mp4,train
29.97002997002997,929.0,30.997633333333333,424.0,240.0,stu2_20.mp4,train
24.0,360.0,15.0,640.0,360.0,stu10_16.mp4,train
29.97002997002997,690.0,23.023,640.0,360.0,stu10_53.mp4,train
20.0,200.0,10.0,320.0,240.0,val1089.mp4,train
29.97002997002997,1078.0,35.96926666666667,640.0,360.0,stu3_62.mp4,train
25.0,375.0,15.0,640.0,360.0,stu8_56.mp4,train
30.0,1800.0,60.0,1280.0,720.0,stu10_51.mp4,train
29.97002997002997,1229.0,41.00763333333333,1280.0,720.0,stu8_69.mp4,train
29.97002997002997,1558.0,51.98526666666667,640.0,360.0,stu7_63.mp4,train
30.0,900.0,30.0,640.0,360.0,stu9_35.mp4,train
30.0,1800.0,60.0,640.0,360.0,stu8_44.mp4,train
25.0,250.0,10.0,320.0,240.0,train3319.mp4,train
29.97002997002997,960.0,32.032000000000004,640.0,360.0,stu8_4.mp4,train
25.0,750.0,30.0,640.0,360.0,stu3_44.mp4,train
24.0,1032.0,43.0,640.0,360.0,stu7_64.mp4,train
25.0,250.0,10.0,1280.0,720.0,train2568.mp4,train
30.0,300.0,10.0,640.0,360.0,train3386.mp4,train
23.976023976023978,1415.0,59.017291666666665,640.0,360.0,stu5_48.mp4,train
25.0,250.0,10.0,480.0,360.0,train2570.mp4,train
30.0,300.0,10.0,360.0,360.0,test586.mp4,train
29.305,879.0,29.99488141955298,640.0,360.0,stu2_38.mp4,train
30.0,1560.0,52.0,202.0,360.0,stu5_56.mp4,train
30.0,300.0,10.0,204.0,360.0,train3948.mp4,train
30.0,720.0,24.0,640.0,360.0,stu5_30.mp4,train
25.0,825.0,33.0,640.0,360.0,stu9_58.mp4,train
29.857,329.0,11.01919147938507,640.0,360.0,stu1_20.mp4,train
24.0,240.0,10.0,640.0,360.0,train3366.mp4,train
30.0,300.0,10.0,202.0,360.0,train2501.mp4,train
29.97002997002997,1469.0,49.015633333333334,640.0,360.0,stu1_55.mp4,train
29.97002997002997,900.0,30.03,640.0,360.0,stu3_9.mp4,train
23.976023976023978,1439.0,60.01829166666666,640.0,360.0,stu8_5.mp4,train
30.0,1620.0,54.0,1280.0,720.0,stu4_61.mp4,train
29.97,1498.0,49.983316649983315,202.0,360.0,stu6_28.mp4,train
30.0,300.0,10.0,640.0,360.0,val819.mp4,train
30.0,900.0,30.0,480.0,360.0,stu5_50.mp4,train
23.976023976023978,815.0,33.99229166666667,640.0,360.0,stu2_28.mp4,train
30.0,1530.0,51.0,640.0,360.0,stu1_9.mp4,train
30.0,1200.0,40.0,1280.0,720.0,stu8_59.mp4,train
30.0,570.0,19.0,640.0,360.0,stu1_32.mp4,train
24.0,1440.0,60.0,640.0,360.0,stu7_14.mp4,train
30.0,1800.0,60.0,640.0,360.0,stu1_35.mp4,train
29.97002997002997,270.0,9.009,640.0,360.0,stu1_0.mp4,train
25.0,375.0,15.0,1280.0,720.0,stu6_58.mp4,train
29.97002997002997,1558.0,51.98526666666667,640.0,360.0,stu3_29.mp4,train
29.97002997002997,837.0,27.9279,640.0,360.0,stu2_63.mp4,train
30.0,1260.0,42.0,202.0,360.0,stu3_38.mp4,train
29.97002997002997,1798.0,59.99326666666667,640.0,360.0,stu8_40.mp4,train
29.97002997002997,840.0,28.028000000000002,640.0,360.0,stu5_20.mp4,train
30.0,300.0,10.0,640.0,360.0,train156.mp4,train
23.976023976023978,120.0,5.005,640.0,360.0,stu4_21.mp4,train
30.0,300.0,10.0,640.0,360.0,train2692.mp4,train
24.0,1440.0,60.0,640.0,360.0,stu10_49.mp4,train
25.0,1250.0,50.0,640.0,360.0,stu6_6.mp4,train
30.0,1200.0,40.0,202.0,360.0,stu1_11.mp4,train
24.0,672.0,28.0,640.0,360.0,stu10_65.mp4,train
23.976023976023978,1246.0,51.96858333333333,640.0,360.0,stu7_40.mp4,train
23.976023976023978,1439.0,60.01829166666666,640.0,360.0,stu1_72.mp4,train
29.97002997002997,1199.0,40.00663333333333,480.0,360.0,stu6_70.mp4,train
30.0,1214.0,40.46666666666667,640.0,360.0,stu1_54.mp4,train
29.97002997002997,1468.0,48.98226666666667,640.0,360.0,stu2_43.mp4,train
30.0,1620.0,54.0,640.0,360.0,stu4_57.mp4,train
29.97002997002997,239.0,7.974633333333333,640.0,360.0,stu9_28.mp4,train
23.976023976023978,792.0,33.032999999999994,640.0,360.0,stu7_21.mp4,train
30.0,1110.0,37.0,640.0,360.0,stu8_41.mp4,train
30.0,1980.0,66.0,204.0,360.0,stu4_34.mp4,train
29.559748427672957,651.0,22.0231914893617,202.0,360.0,stu10_23.mp4,train
23.976023976023978,528.0,22.022,640.0,360.0,stu10_58.mp4,train
29.97,899.0,29.996663329996665,640.0,360.0,stu1_4.mp4,train
25.0,250.0,10.0,640.0,360.0,val912.mp4,train
23.976023976023978,1007.0,42.00029166666666,640.0,360.0,stu6_38.mp4,train
29.97002997002997,1709.0,57.023633333333336,640.0,360.0,stu1_66.mp4,train
15.0,150.0,10.0,320.0,240.0,val826.mp4,train
29.97002997002997,1258.0,41.97526666666667,640.0,360.0,stu2_3.mp4,train
30.0,750.0,25.0,202.0,360.0,stu2_16.mp4,train
29.97002997002997,1799.0,60.026633333333336,640.0,360.0,stu9_3.mp4,train
25.0,250.0,10.0,640.0,360.0,stu9_25.mp4,train
30.0,1800.0,60.0,202.0,360.0,stu7_55.mp4,train
29.97002997002997,300.0,10.01,640.0,360.0,train3327.mp4,train
23.976023976023978,1439.0,60.01829166666666,640.0,360.0,stu4_24.mp4,train
23.976023976023978,720.0,30.029999999999998,640.0,360.0,stu5_4.mp4,train
30.0,1320.0,44.0,640.0,360.0,stu7_31.mp4,train
29.97002997002997,300.0,10.01,270.0,360.0,train3309.mp4,train
30.0,300.0,10.0,202.0,360.0,train954.mp4,train
23.976023976023978,720.0,30.029999999999998,640.0,360.0,stu3_37.mp4,train
29.97002997002997,360.0,12.012,640.0,360.0,stu4_18.mp4,train
30.0,1200.0,40.0,640.0,360.0,stu8_17.mp4,train
29.97002997002997,1019.0,34.00063333333333,640.0,360.0,stu1_63.mp4,train
29.97,1648.0,54.988321654988326,640.0,360.0,stu10_10.mp4,train
30.0,300.0,10.0,640.0,360.0,val824.mp4,train
29.97002997002997,780.0,26.026,640.0,360.0,stu7_54.mp4,train
25.0,900.0,36.0,640.0,360.0,stu5_70.mp4,train
30.0,300.0,10.0,640.0,352.0,val890.mp4,train
29.97002997002997,300.0,10.01,640.0,360.0,val1074.mp4,train
29.97002997002997,990.0,33.033,640.0,360.0,stu4_41.mp4,train
30.0,1620.0,54.0,406.0,720.0,stu3_64.mp4,train
30.0,660.0,22.0,640.0,360.0,stu5_8.mp4,train
29.97002997002997,990.0,33.033,426.0,240.0,stu10_18.mp4,train
23.976023976023978,431.0,17.976291666666665,640.0,360.0,stu6_10.mp4,train
29.97002997002997,990.0,33.033,1280.0,720.0,stu5_66.mp4,train
30.0,300.0,10.0,636.0,360.0,train1005.mp4,train
25.0,250.0,10.0,640.0,360.0,val817.mp4,train
29.97002997002997,1378.0,45.97926666666667,640.0,360.0,stu2_49.mp4,train
29.97002997002997,779.0,25.992633333333334,640.0,360.0,stu9_20.mp4,train
30.0,300.0,10.0,480.0,360.0,val1235.mp4,train
30.0,300.0,10.0,360.0,360.0,train181.mp4,train
30.0,300.0,10.0,568.0,320.0,train1617.mp4,train
29.97002997002997,1259.0,42.008633333333336,640.0,360.0,stu2_46.mp4,train
29.97002997002997,1078.0,35.96926666666667,640.0,360.0,stu1_62.mp4,train
29.61,445.0,15.02870651806822,202.0,360.0,stu4_13.mp4,train
24.065,264.0,10.970288801163514,202.0,360.0,stu5_13.mp4,train
25.0,650.0,26.0,640.0,360.0,stu10_9.mp4,train
29.97002997002997,899.0,29.996633333333335,640.0,360.0,stu10_15.mp4,train
30.0,780.0,26.0,640.0,360.0,stu5_31.mp4,train
29.97002997002997,1679.0,56.02263333333333,480.0,360.0,stu4_23.mp4,train
29.97002997002997,1019.0,34.00063333333333,640.0,360.0,stu5_43.mp4,train
29.97002997002997,300.0,10.01,640.0,360.0,train3959.mp4,train
30.0,180.0,6.0,406.0,720.0,stu3_59.mp4,train
30.0,300.0,10.0,204.0,360.0,train3323.mp4,train
25.0,250.0,10.0,640.0,360.0,train1640.mp4,train
30.0,300.0,10.0,636.0,360.0,stu2_45.mp4,train
30.0,900.0,30.0,640.0,360.0,stu10_3.mp4,train
30.0,1800.0,60.0,640.0,360.0,stu5_7.mp4,train
29.916666666666668,958.0,32.022284122562674,640.0,360.0,stu4_52.mp4,train
29.97002997002997,990.0,33.033,640.0,360.0,stu8_6.mp4,train
29.97002997002997,1799.0,60.026633333333336,540.0,360.0,stu9_41.mp4,train
25.0,1275.0,51.0,640.0,360.0,stu6_67.mp4,train
30.0,1050.0,35.0,640.0,360.0,stu3_36.mp4,train
30.0,300.0,10.0,640.0,360.0,stu1_65.mp4,train
23.976023976023978,240.0,10.01,640.0,360.0,test2319.mp4,train
29.97002997002997,1798.0,59.99326666666667,640.0,360.0,stu4_26.mp4,train
29.97002997002997,300.0,10.01,640.0,360.0,stu3_11.mp4,train
19.95,200.0,10.025062656641605,480.0,356.0,test1448.mp4,train
29.97002997002997,299.0,9.976633333333334,640.0,360.0,stu5_1.mp4,train
30.0,1200.0,40.0,202.0,360.0,stu5_35.mp4,train
29.97002997002997,1619.0,54.020633333333336,640.0,360.0,stu4_62.mp4,train
23.976023976023978,791.0,32.99129166666666,640.0,360.0,stu6_36.mp4,train
29.97002997002997,300.0,10.01,640.0,360.0,test531.mp4,train
30.0,1230.0,41.0,202.0,360.0,stu9_42.mp4,train
24.0,720.0,30.0,640.0,360.0,stu2_17.mp4,train
25.0,625.0,25.0,640.0,360.0,stu9_16.mp4,train
29.781704781704782,924.0,31.025759162303665,638.0,360.0,stu7_0.mp4,train
29.97002997002997,300.0,10.01,540.0,360.0,stu1_15.mp4,train
29.97002997002997,569.0,18.985633333333332,640.0,360.0,stu7_23.mp4,train
30.0,1590.0,53.0,640.0,360.0,stu8_30.mp4,train
23.976023976023978,1151.0,48.00629166666666,640.0,360.0,stu9_5.mp4,train
29.97002997002997,779.0,25.992633333333334,640.0,360.0,stu2_72.mp4,train
29.97,1649.0,55.02168835502169,640.0,360.0,stu6_5.mp4,train
29.97,1439.0,48.01468134801468,640.0,360.0,stu9_10.mp4,train
29.97002997002997,900.0,30.03,640.0,360.0,stu10_59.mp4,train
25.0,250.0,10.0,480.0,360.0,test1465.mp4,train
29.97002997002997,1828.0,60.99426666666667,480.0,360.0,stu7_38.mp4,train
23.976023976023978,359.0,14.973291666666666,640.0,360.0,stu9_61.mp4,train
29.791459781529294,298.0,10.002866666666668,640.0,360.0,train3944.mp4,train
30.0,300.0,10.0,640.0,360.0,val568.mp4,train
29.97002997002997,810.0,27.027,640.0,360.0,stu9_27.mp4,train
29.97002997002997,300.0,10.01,480.0,360.0,train3303.mp4,train
29.97002997002997,1468.0,48.98226666666667,640.0,360.0,stu3_34.mp4,train
30.0,1841.0,61.36666666666667,640.0,360.0,stu1_10.mp4,train
30.0,300.0,10.0,640.0,360.0,test153.mp4,train
29.97002997002997,1018.0,33.96726666666667,640.0,360.0,stu4_3.mp4,train
29.97002997002997,570.0,19.019000000000002,640.0,360.0,stu9_38.mp4,train
30.0,720.0,24.0,202.0,360.0,stu8_39.mp4,train
30.0,300.0,10.0,202.0,360.0,val578.mp4,train
29.97002997002997,1349.0,45.011633333333336,640.0,360.0,stu7_2.mp4,train
30.0,300.0,10.0,480.0,360.0,val359.mp4,train
30.0,1950.0,65.0,1280.0,720.0,stu2_69.mp4,train
29.97002997002997,690.0,23.023,640.0,360.0,stu2_66.mp4,train
30.0,1260.0,42.0,640.0,360.0,stu2_32.mp4,train
30.0,300.0,10.0,640.0,360.0,val1250.mp4,train
29.97002997002997,1799.0,60.026633333333336,640.0,360.0,stu1_51.mp4,train
25.0,1075.0,43.0,450.0,360.0,stu8_50.mp4,train
30.0,1020.0,34.0,640.0,360.0,stu4_7.mp4,train
29.97,689.0,22.989656322989656,640.0,360.0,stu5_64.mp4,train
29.97002997002997,780.0,26.026,640.0,360.0,stu5_14.mp4,train
29.97002997002997,840.0,28.028000000000002,202.0,360.0,stu3_23.mp4,train
15.0,150.0,10.0,320.0,240.0,train139.mp4,train
30.0,900.0,30.0,408.0,720.0,stu1_71.mp4,train
25.0,250.0,10.0,640.0,360.0,stu10_0.mp4,train
23.976023976023978,1079.0,45.00329166666666,640.0,360.0,stu4_42.mp4,train
25.0,1100.0,44.0,450.0,360.0,stu4_36.mp4,train
29.97002997002997,899.0,29.996633333333335,640.0,360.0,stu10_41.mp4,train
30.0,870.0,29.0,640.0,360.0,stu8_0.mp4,train
29.97002997002997,450.0,15.015,640.0,360.0,stu7_15.mp4,train
29.97002997002997,1799.0,60.026633333333336,640.0,360.0,stu2_47.mp4,train
29.0,290.0,10.0,640.0,360.0,train2527.mp4,train
23.976023976023978,720.0,30.029999999999998,640.0,360.0,stu10_38.mp4,train
29.97,1079.0,36.00266933600267,640.0,360.0,stu1_64.mp4,train
29.97002997002997,360.0,12.012,426.0,240.0,stu3_13.mp4,train
29.97002997002997,1798.0,59.99326666666667,640.0,360.0,stu1_52.mp4,train
30.0,1170.0,39.0,640.0,360.0,stu10_54.mp4,train
25.0,500.0,20.0,640.0,360.0,stu5_0.mp4,train
29.97002997002997,300.0,10.01,640.0,360.0,test558.mp4,train
29.97002997002997,630.0,21.021,640.0,360.0,stu2_54.mp4,train
29.97002997002997,300.0,10.01,640.0,360.0,val581.mp4,train
16.0,160.0,10.0,640.0,360.0,test989.mp4,train
30.0,1140.0,38.0,640.0,360.0,stu8_15.mp4,train
29.97002997002997,1048.0,34.968266666666665,640.0,360.0,stu8_8.mp4,train
25.0,750.0,30.0,640.0,360.0,stu4_9.mp4,train
24.0,1440.0,60.0,480.0,360.0,stu2_64.mp4,train
23.976023976023978,480.0,20.02,640.0,360.0,stu6_59.mp4,train
24.0,240.0,10.0,640.0,360.0,train929.mp4,train
30.0,300.0,10.0,568.0,320.0,test555.mp4,train
30.0,300.0,10.0,202.0,360.0,val1076.mp4,train
25.0,1500.0,60.0,480.0,360.0,stu5_57.mp4,train
30.0,2550.0,85.0,1280.0,720.0,stu9_69.mp4,train
30.0,300.0,10.0,640.0,352.0,val828.mp4,train
29.623,1777.0,59.98717212976403,640.0,360.0,stu1_56.mp4,train
30.0,300.0,10.0,568.0,320.0,train2734.mp4,train
30.0,300.0,10.0,640.0,360.0,train2649.mp4,train
23.976023976023978,960.0,40.04,640.0,360.0,stu1_2.mp4,train
23.976023976023978,551.0,22.981291666666664,640.0,360.0,stu8_22.mp4,train
30.0,1200.0,40.0,640.0,360.0,stu2_52.mp4,train
23.976023976023978,840.0,35.035,640.0,360.0,stu1_16.mp4,train
29.97002997002997,420.0,14.014000000000001,640.0,360.0,stu3_17.mp4,train
29.97002997002997,300.0,10.01,640.0,360.0,test127.mp4,train
24.0,960.0,40.0,640.0,360.0,stu1_46.mp4,train
28.392,1193.0,42.018878557340095,204.0,360.0,stu4_38.mp4,train
23.976023976023978,432.0,18.017999999999997,1280.0,720.0,stu10_71.mp4,train
29.97002997002997,1078.0,35.96926666666667,640.0,360.0,stu10_4.mp4,train
30.0,990.0,33.0,202.0,360.0,stu7_47.mp4,train
29.97002997002997,1499.0,50.01663333333333,640.0,360.0,stu5_6.mp4,train
25.0,525.0,21.0,640.0,360.0,stu3_24.mp4,train
30.0,300.0,10.0,640.0,360.0,train3316.mp4,train
30.0,630.0,21.0,202.0,360.0,stu4_10.mp4,train
25.0,1525.0,61.0,640.0,360.0,stu2_50.mp4,train
29.97,959.0,31.998665331998666,640.0,360.0,stu4_30.mp4,train
23.976023976023978,599.0,24.983291666666666,640.0,360.0,stu2_19.mp4,train
25.0,750.0,30.0,640.0,360.0,stu8_2.mp4,train
29.931,1795.0,59.97126724800374,640.0,360.0,stu5_41.mp4,train
29.97002997002997,839.0,27.994633333333333,640.0,360.0,stu1_21.mp4,train
30.0,300.0,10.0,202.0,360.0,val1256.mp4,train
30.0,900.0,30.0,638.0,360.0,stu9_49.mp4,train
30.0,960.0,32.0,640.0,360.0,stu6_45.mp4,train
30.0,1740.0,58.0,202.0,360.0,stu4_6.mp4,train
30.0,1800.0,60.0,640.0,360.0,stu9_43.mp4,train
30.0,300.0,10.0,202.0,360.0,test2326.mp4,train
13.909,208.0,14.9543461068373,202.0,360.0,stu3_30.mp4,train
29.97002997002997,1798.0,59.99326666666667,640.0,360.0,stu8_29.mp4,train
24.0,1440.0,60.0,640.0,360.0,stu1_58.mp4,train
25.0,1250.0,50.0,640.0,360.0,stu4_55.mp4,train
30.0,300.0,10.0,320.0,240.0,train2645.mp4,train
15.0,420.0,28.0,424.0,240.0,stu6_27.mp4,train
25.0,850.0,34.0,640.0,360.0,stu4_31.mp4,train
25.0,1350.0,54.0,640.0,360.0,stu2_8.mp4,train
30.0,300.0,10.0,382.0,640.0,stu3_72.mp4,train
29.97002997002997,1797.0,59.9599,640.0,360.0,stu8_24.mp4,train
30.0,300.0,10.0,640.0,360.0,val892.mp4,train
30.0,300.0,10.0,640.0,360.0,test557.mp4,train
25.0,275.0,11.0,1280.0,720.0,stu8_68.mp4,train
29.187001140250857,1518.0,52.00945423291792,202.0,360.0,stu5_10.mp4,train
30.0,300.0,10.0,240.0,360.0,test1483.mp4,train
29.97002997002997,1858.0,61.995266666666666,640.0,360.0,stu4_53.mp4,train
29.97002997002997,660.0,22.022000000000002,640.0,360.0,stu2_31.mp4,train
30.0,300.0,10.0,640.0,360.0,test570.mp4,train
30.0,960.0,32.0,640.0,360.0,stu10_40.mp4,train
29.97002997002997,1499.0,50.01663333333333,640.0,360.0,stu2_70.mp4,train
24.0,1440.0,60.0,640.0,360.0,stu1_13.mp4,train
29.97002997002997,1289.0,43.00963333333333,640.0,360.0,stu4_67.mp4,train
25.0,525.0,21.0,640.0,360.0,stu9_0.mp4,train
30.0,300.0,10.0,202.0,360.0,train1614.mp4,train
23.976023976023978,575.0,23.982291666666665,640.0,360.0,stu1_69.mp4,train
29.97002997002997,720.0,24.024,640.0,360.0,stu8_18.mp4,train
29.97002997002997,570.0,19.019000000000002,640.0,360.0,stu8_33.mp4,train
23.976023976023978,288.0,12.011999999999999,640.0,360.0,stu8_26.mp4,train
23.976023976023978,1439.0,60.01829166666666,640.0,360.0,stu1_43.mp4,train
30.0,330.0,11.0,576.0,720.0,stu3_71.mp4,train
29.791,1072.0,35.984022020073176,640.0,360.0,stu4_51.mp4,train
23.976023976023978,1438.0,59.97658333333333,640.0,360.0,stu2_42.mp4,train
29.97002997002997,599.0,19.986633333333334,638.0,360.0,stu1_42.mp4,train
30.0,1740.0,58.0,636.0,360.0,stu3_48.mp4,train
29.97002997002997,719.0,23.990633333333335,640.0,360.0,stu8_66.mp4,train
29.0,290.0,10.0,202.0,360.0,train1678.mp4,train
29.97002997002997,1799.0,60.026633333333336,640.0,360.0,stu9_62.mp4,train
29.97002997002997,1349.0,45.011633333333336,640.0,360.0,stu3_49.mp4,train
30.0,1590.0,53.0,640.0,360.0,stu2_18.mp4,train
30.0,450.0,15.0,202.0,360.0,stu2_2.mp4,train
30.0,1800.0,60.0,202.0,360.0,stu10_55.mp4,train
29.97002997002997,960.0,32.032000000000004,640.0,360.0,stu10_7.mp4,train
29.97002997002997,360.0,12.012,640.0,360.0,stu8_21.mp4,train
29.97002997002997,1109.0,37.00363333333333,640.0,360.0,stu7_69.mp4,train
29.97,1349.0,45.01167834501168,202.0,360.0,stu8_36.mp4,train
30.0,540.0,18.0,640.0,360.0,stu3_22.mp4,train
30.0,300.0,10.0,640.0,360.0,train3951.mp4,train
29.97,1199.0,40.00667334000668,640.0,360.0,stu5_54.mp4,train
27.877,279.0,10.00825052911002,360.0,360.0,test577.mp4,train
23.976023976023978,384.0,16.016,1280.0,720.0,stu9_70.mp4,train
24.0,456.0,19.0,1280.0,720.0,stu10_70.mp4,train
23.976023976023978,648.0,27.026999999999997,640.0,360.0,stu9_14.mp4,train
29.937,749.0,25.01920700136954,202.0,360.0,stu2_33.mp4,train
30.0,1890.0,63.0,640.0,360.0,stu7_11.mp4,train
30.0,960.0,32.0,640.0,360.0,stu9_7.mp4,train
29.97002997002997,1769.0,59.02563333333333,640.0,360.0,stu2_7.mp4,train
25.0,874.0,34.96,640.0,360.0,stu6_55.mp4,train
29.97002997002997,1438.0,47.98126666666667,640.0,360.0,stu2_68.mp4,train
30.0,900.0,30.0,640.0,360.0,stu5_39.mp4,train
30.0,1350.0,45.0,640.0,360.0,stu9_68.mp4,train
25.0,1500.0,60.0,640.0,360.0,stu8_27.mp4,train
25.0,1100.0,44.0,202.0,360.0,stu9_53.mp4,train
23.976023976023978,360.0,15.014999999999999,640.0,360.0,stu1_1.mp4,train
25.0,250.0,10.0,640.0,360.0,train2676.mp4,train
30.0,1170.0,39.0,270.0,360.0,stu1_49.mp4,train
30.0,300.0,10.0,198.0,360.0,test2299.mp4,train
29.97002997002997,1798.0,59.99326666666667,640.0,360.0,stu3_27.mp4,train
30.0,300.0,10.0,204.0,360.0,test2309.mp4,train
30.0,1320.0,44.0,640.0,360.0,stu4_37.mp4,train
30.0,1200.0,40.0,202.0,360.0,stu9_39.mp4,train
25.0,575.0,23.0,640.0,360.0,stu10_28.mp4,train
30.0,1770.0,59.0,640.0,360.0,stu7_48.mp4,train
29.97002997002997,1198.0,39.97326666666667,640.0,360.0,stu6_25.mp4,train
30.0,990.0,33.0,640.0,360.0,stu6_26.mp4,train
29.97002997002997,300.0,10.01,480.0,270.0,train3365.mp4,train
24.0,240.0,10.0,480.0,270.0,test584.mp4,train
23.976023976023978,720.0,30.029999999999998,640.0,360.0,stu9_46.mp4,train
25.0,900.0,36.0,640.0,360.0,stu7_68.mp4,train
23.976023976023978,288.0,12.011999999999999,640.0,360.0,stu10_21.mp4,train
23.976023976023978,792.0,33.032999999999994,640.0,360.0,stu7_51.mp4,train
30.0,300.0,10.0,640.0,360.0,train186.mp4,train
30.0,1140.0,38.0,202.0,360.0,stu10_35.mp4,train
25.0,750.0,30.0,640.0,360.0,stu7_27.mp4,train
29.97,1798.0,59.99332665999333,640.0,360.0,stu10_11.mp4,train
30.0,1500.0,50.0,640.0,360.0,stu10_2.mp4,train
29.97002997002997,1199.0,40.00663333333333,640.0,360.0,stu3_7.mp4,train
29.97002997002997,1799.0,60.026633333333336,1280.0,720.0,stu3_26.mp4,train
29.97002997002997,299.0,9.976633333333334,640.0,360.0,stu9_6.mp4,train
30.0,330.0,11.0,578.0,720.0,stu8_67.mp4,train
30.0,300.0,10.0,640.0,360.0,val1258.mp4,train
23.976023976023978,887.0,36.99529166666667,640.0,360.0,stu2_29.mp4,train
29.97002997002997,2278.0,76.00926666666666,640.0,360.0,stu2_41.mp4,train
30.0,660.0,22.0,480.0,360.0,stu6_43.mp4,train
29.92,359.0,11.998663101604278,202.0,360.0,stu7_41.mp4,train
29.97,1649.0,55.02168835502169,640.0,360.0,stu9_4.mp4,train
30.0,750.0,25.0,640.0,360.0,stu9_23.mp4,train
30.0,300.0,10.0,640.0,360.0,test118.mp4,train
30.0,1470.0,49.0,640.0,360.0,stu10_57.mp4,train
23.976023976023978,1031.0,43.00129166666667,640.0,360.0,stu2_44.mp4,train
29.97002997002997,1589.0,53.01963333333333,640.0,360.0,stu10_45.mp4,train
29.97002997002997,300.0,10.01,640.0,360.0,train2464.mp4,train
29.97002997002997,1048.0,34.968266666666665,640.0,360.0,stu10_20.mp4,train
10.0,100.0,10.0,320.0,240.0,test125.mp4,train
30.0,1200.0,40.0,640.0,360.0,stu10_14.mp4,train
29.97002997002997,1349.0,45.011633333333336,640.0,360.0,stu1_3.mp4,train
30.0,300.0,10.0,202.0,360.0,train2523.mp4,train
30.0,450.0,15.0,406.0,720.0,stu3_69.mp4,train
23.976023976023978,719.0,29.988291666666665,640.0,360.0,stu8_55.mp4,train
29.97002997002997,929.0,30.997633333333333,640.0,360.0,stu4_43.mp4,train
30.0,300.0,10.0,202.0,360.0,test2318.mp4,train
29.97002997002997,1798.0,59.99326666666667,640.0,360.0,stu3_45.mp4,train
25.0,500.0,20.0,640.0,360.0,stu3_70.mp4,train
29.885,209.0,6.993474987451899,640.0,360.0,stu10_30.mp4,train
29.97002997002997,1259.0,42.008633333333336,640.0,360.0,stu9_60.mp4,train
29.97002997002997,300.0,10.01,270.0,360.0,train2484.mp4,train
30.0,1200.0,40.0,640.0,360.0,stu7_7.mp4,train
30.0,210.0,7.0,406.0,720.0,stu3_60.mp4,train
30.0,300.0,10.0,640.0,360.0,test990.mp4,train
30.0,630.0,21.0,640.0,360.0,stu2_10.mp4,train
15.0,450.0,30.0,1280.0,720.0,stu1_53.mp4,train
30.0,1740.0,58.0,406.0,720.0,stu6_60.mp4,train
30.0,960.0,32.0,640.0,360.0,stu5_63.mp4,train
29.934,1497.0,50.01002204850671,640.0,360.0,stu6_50.mp4,train
29.97002997002997,1499.0,50.01663333333333,1280.0,720.0,stu3_68.mp4,train
23.976023976023978,959.0,39.99829166666667,640.0,360.0,stu4_44.mp4,train
29.897,748.0,25.019232698933006,202.0,360.0,stu3_33.mp4,train
29.97002997002997,900.0,30.03,640.0,360.0,stu4_48.mp4,train
30.0,300.0,10.0,360.0,360.0,train1022.mp4,train
29.97002997002997,1648.0,54.98826666666667,640.0,360.0,stu10_52.mp4,train
30.0,570.0,19.0,640.0,360.0,stu10_27.mp4,train
23.976023976023978,936.0,39.038999999999994,640.0,360.0,stu10_61.mp4,train
25.0,825.0,33.0,640.0,360.0,stu1_45.mp4,train
30.0,300.0,10.0,202.0,360.0,val1075.mp4,train
30.0,300.0,10.0,320.0,240.0,train2502.mp4,train
30.0,900.0,30.0,636.0,360.0,stu3_40.mp4,train
30.0,450.0,15.0,202.0,360.0,stu2_13.mp4,train
29.97002997002997,300.0,10.01,202.0,360.0,train184.mp4,train
29.97002997002997,1499.0,50.01663333333333,640.0,360.0,stu5_44.mp4,train
15.0,150.0,10.0,480.0,360.0,test2003.mp4,train
15.0,750.0,50.0,636.0,360.0,stu3_6.mp4,train
30.0,1470.0,49.0,640.0,360.0,stu2_67.mp4,train
29.97002997002997,1229.0,41.00763333333333,640.0,360.0,stu10_66.mp4,train
29.97002997002997,300.0,10.01,640.0,360.0,train2745.mp4,train
29.97002997002997,719.0,23.990633333333335,640.0,360.0,stu6_19.mp4,train
30.0,300.0,10.0,204.0,360.0,val1099.mp4,train
25.0,750.0,30.0,640.0,360.0,stu8_13.mp4,train
29.97002997002997,1319.0,44.01063333333333,640.0,360.0,stu1_6.mp4,train
23.976023976023978,1222.0,50.96758333333333,640.0,360.0,stu2_9.mp4,train
30.0,390.0,13.0,640.0,360.0,stu3_63.mp4,train
25.0,200.0,8.0,640.0,360.0,stu3_41.mp4,train
23.976023976023978,264.0,11.011,640.0,360.0,stu4_20.mp4,train
30.0,300.0,10.0,568.0,320.0,val820.mp4,train
29.97002997002997,1769.0,59.02563333333333,480.0,360.0,stu5_42.mp4,train
30.0,300.0,10.0,360.0,360.0,test944.mp4,train
29.97002997002997,1199.0,40.00663333333333,640.0,360.0,stu6_11.mp4,train
29.97002997002997,630.0,21.021,640.0,360.0,stu6_14.mp4,train
30.0,300.0,10.0,576.0,720.0,stu6_71.mp4,train
29.97,1048.0,34.968301634968306,640.0,360.0,stu7_37.mp4,train
30.0,270.0,9.0,1280.0,720.0,stu10_62.mp4,train
30.0,930.0,31.0,640.0,360.0,stu8_51.mp4,train
23.976023976023978,288.0,12.011999999999999,640.0,360.0,stu3_14.mp4,train
30.0,300.0,10.0,480.0,360.0,train941.mp4,train
30.0,300.0,10.0,204.0,360.0,test1995.mp4,train
29.97002997002997,300.0,10.01,480.0,320.0,test541.mp4,train
23.976023976023978,792.0,33.032999999999994,640.0,360.0,stu6_49.mp4,train
29.97002997002997,300.0,10.01,480.0,360.0,test168.mp4,train
30.0,1320.0,44.0,202.0,360.0,stu9_40.mp4,train
30.0,510.0,17.0,640.0,360.0,stu6_64.mp4,train
29.97002997002997,1678.0,55.989266666666666,640.0,360.0,stu5_34.mp4,train
29.97002997002997,810.0,27.027,640.0,360.0,stu8_31.mp4,train
30.0,300.0,10.0,202.0,360.0,train970.mp4,train
29.97002997002997,1799.0,60.026633333333336,640.0,360.0,stu9_54.mp4,train
29.97002997002997,1079.0,36.002633333333335,640.0,360.0,stu4_32.mp4,train
29.97002997002997,359.0,11.978633333333333,640.0,360.0,stu3_35.mp4,train
29.97002997002997,300.0,10.01,640.0,360.0,val886.mp4,train
23.976023976023978,1079.0,45.00329166666666,640.0,360.0,stu1_67.mp4,train
30.0,450.0,15.0,202.0,360.0,stu7_25.mp4,train
29.97002997002997,1198.0,39.97326666666667,640.0,360.0,stu6_53.mp4,train
23.976023976023978,780.0,32.5325,640.0,360.0,stu9_33.mp4,train
30.0,1050.0,35.0,640.0,360.0,stu3_43.mp4,train
25.0,500.0,20.0,640.0,360.0,stu1_7.mp4,train
29.97002997002997,1798.0,59.99326666666667,640.0,360.0,stu6_41.mp4,train
30.0,300.0,10.0,640.0,360.0,test2317.mp4,train
29.97002997002997,1168.0,38.97226666666667,640.0,360.0,stu8_16.mp4,train
30.0,1140.0,38.0,202.0,360.0,stu9_1.mp4,train
30.0,1020.0,34.0,640.0,360.0,stu7_6.mp4,train
30.0,450.0,15.0,202.0,360.0,stu3_8.mp4,train
29.97002997002997,300.0,10.01,640.0,360.0,test1977.mp4,train
25.0,950.0,38.0,640.0,360.0,stu7_70.mp4,train
29.97002997002997,1798.0,59.99326666666667,640.0,360.0,stu2_12.mp4,train
29.97002997002997,720.0,24.024,640.0,360.0,stu10_22.mp4,train
30.0,1470.0,49.0,202.0,360.0,stu7_29.mp4,train
29.97002997002997,600.0,20.02,640.0,360.0,stu4_72.mp4,train
29.97002997002997,809.0,26.993633333333335,640.0,360.0,stu1_18.mp4,train
30.0,1260.0,42.0,640.0,360.0,stu1_50.mp4,train
23.976023976023978,311.0,12.971291666666666,640.0,360.0,stu2_22.mp4,train
30.0,480.0,16.0,1280.0,720.0,stu8_61.mp4,train
29.97002997002997,450.0,15.015,640.0,360.0,stu5_49.mp4,train
30.0,1800.0,60.0,640.0,360.0,stu2_53.mp4,train
29.97002997002997,870.0,29.029,640.0,352.0,stu2_24.mp4,train
30.0,300.0,10.0,640.0,360.0,train2739.mp4,train
25.0,250.0,10.0,480.0,360.0,train960.mp4,train
23.976023976023978,743.0,30.989291666666663,640.0,360.0,stu2_26.mp4,train
29.97,1048.0,34.968301634968306,640.0,360.0,stu10_12.mp4,train
29.97002997002997,1498.0,49.983266666666665,640.0,360.0,stu4_4.mp4,train
30.0,300.0,10.0,640.0,360.0,train1623.mp4,train
25.0,250.0,10.0,640.0,360.0,train3324.mp4,train
30.0,300.0,10.0,320.0,240.0,train172.mp4,train
29.97,1768.0,58.99232565899233,202.0,360.0,stu5_33.mp4,train
25.0,375.0,15.0,640.0,360.0,stu9_24.mp4,train
30.0,1800.0,60.0,640.0,360.0,stu4_35.mp4,train
25.0,875.0,35.0,640.0,360.0,stu3_32.mp4,train
23.976023976023978,240.0,10.01,1280.0,720.0,train2666.mp4,train
30.0,1170.0,39.0,270.0,360.0,stu8_60.mp4,train
29.97002997002997,300.0,10.01,480.0,360.0,train1646.mp4,train
23.976023976023978,335.0,13.972291666666665,640.0,360.0,stu5_2.mp4,train
29.97002997002997,420.0,14.014000000000001,640.0,360.0,stu6_12.mp4,train
29.97002997002997,1799.0,60.026633333333336,640.0,360.0,stu3_47.mp4,train
29.97002997002997,1618.0,53.98726666666667,640.0,360.0,stu6_69.mp4,train
25.0,1050.0,42.0,640.0,360.0,stu6_46.mp4,train
30.0,1770.0,59.0,202.0,360.0,stu10_37.mp4,train
10.0,100.0,10.0,480.0,360.0,test2295.mp4,train
30.0,870.0,29.0,202.0,360.0,stu1_12.mp4,train
30.0,300.0,10.0,202.0,360.0,test528.mp4,train
29.936,1737.0,58.0237840726884,640.0,360.0,stu1_61.mp4,train
28.01762114537445,421.0,15.026257861635221,254.0,360.0,stu5_29.mp4,train
25.0,775.0,31.0,640.0,360.0,stu9_44.mp4,train
29.97002997002997,929.0,30.997633333333333,640.0,360.0,stu7_20.mp4,train
23.976023976023978,839.0,34.993291666666664,640.0,360.0,stu1_23.mp4,train
29.97002997002997,899.0,29.996633333333335,640.0,360.0,stu7_39.mp4,train
30.0,780.0,26.0,640.0,360.0,stu5_37.mp4,train
29.97002997002997,359.0,11.978633333333333,640.0,360.0,stu4_0.mp4,train
29.97002997002997,900.0,30.03,640.0,360.0,stu2_48.mp4,train
30.0,390.0,13.0,202.0,360.0,stu6_32.mp4,train
29.97002997002997,839.0,27.994633333333333,640.0,360.0,stu5_69.mp4,train
23.976023976023978,1414.0,58.975583333333326,640.0,360.0,stu5_25.mp4,train
25.0,1750.0,70.0,640.0,360.0,stu6_9.mp4,train
15.0,150.0,10.0,384.0,288.0,test1496.mp4,train
29.97002997002997,1469.0,49.015633333333334,638.0,360.0,stu7_61.mp4,train
23.976023976023978,1438.0,59.97658333333333,640.0,360.0,stu1_5.mp4,train
29.795719844357976,745.0,25.003591250408096,406.0,720.0,stu7_62.mp4,train
30.0,1200.0,40.0,640.0,360.0,stu6_52.mp4,train
25.0,1500.0,60.0,198.0,360.0,stu1_24.mp4,train
30.0,300.0,10.0,480.0,360.0,test138.mp4,train
29.97002997002997,1769.0,59.02563333333333,540.0,360.0,stu6_51.mp4,train
30.0,1140.0,38.0,192.0,360.0,stu1_25.mp4,train
30.0,1020.0,34.0,202.0,360.0,stu6_56.mp4,train
30.0,300.0,10.0,640.0,360.0,stu7_28.mp4,train
29.97002997002997,840.0,28.028000000000002,640.0,360.0,stu8_20.mp4,train
15.0,675.0,45.0,426.0,240.0,stu9_59.mp4,train
23.976023976023978,672.0,28.028,640.0,360.0,stu7_58.mp4,train
30.0,450.0,15.0,480.0,360.0,stu7_33.mp4,train
30.0,1050.0,35.0,640.0,360.0,stu7_46.mp4,train
30.0,660.0,22.0,426.0,240.0,stu5_60.mp4,train
30.0,690.0,23.0,202.0,360.0,stu2_30.mp4,train
29.932,1766.0,59.00040090872645,360.0,360.0,stu4_58.mp4,train
24.0,984.0,41.0,640.0,360.0,stu5_38.mp4,train
30.0,1260.0,42.0,640.0,360.0,stu4_65.mp4,train
29.97002997002997,509.0,16.983633333333334,640.0,360.0,stu7_22.mp4,train
30.0,1800.0,60.0,640.0,360.0,stu1_31.mp4,train
24.0,1080.0,45.0,640.0,360.0,stu4_2.mp4,train
30.0,1800.0,60.0,640.0,360.0,stu9_21.mp4,train
25.0,525.0,21.0,640.0,360.0,stu7_59.mp4,train
25.0,1350.0,54.0,640.0,360.0,stu5_58.mp4,train
29.97,240.0,8.008008008008009,640.0,360.0,stu8_32.mp4,train
29.97002997002997,1348.0,44.97826666666667,480.0,360.0,stu7_71.mp4,train
30.0,300.0,10.0,568.0,320.0,train3382.mp4,train
30.0,389.0,12.966666666666667,202.0,360.0,stu9_12.mp4,train
29.97002997002997,1799.0,60.026633333333336,640.0,360.0,stu5_53.mp4,train
29.97002997002997,570.0,19.019000000000002,1280.0,720.0,stu5_51.mp4,train
30.0,1020.0,34.0,310.0,360.0,stu6_2.mp4,train
30.0,300.0,10.0,640.0,360.0,test545.mp4,train
30.0,300.0,10.0,288.0,360.0,test2323.mp4,train
25.0,250.0,10.0,640.0,360.0,train3312.mp4,train
23.976023976023978,312.0,13.013,640.0,360.0,stu9_30.mp4,train
29.97002997002997,1768.0,58.992266666666666,640.0,360.0,stu4_60.mp4,train
25.0,675.0,27.0,640.0,360.0,stu4_56.mp4,train
30.0,300.0,10.0,640.0,360.0,stu3_21.mp4,train
25.0,200.0,8.0,640.0,360.0,stu4_17.mp4,train
29.97002997002997,1799.0,60.026633333333336,640.0,360.0,stu2_61.mp4,train
29.97002997002997,1799.0,60.026633333333336,640.0,360.0,stu6_44.mp4,train
29.97002997002997,1108.0,36.97026666666667,640.0,360.0,stu5_46.mp4,train
29.97002997002997,660.0,22.022000000000002,1280.0,720.0,stu3_67.mp4,train
30.0,300.0,10.0,640.0,360.0,train2685.mp4,train
30.0,300.0,10.0,640.0,360.0,train1000.mp4,train
30.0,1800.0,60.0,640.0,360.0,stu9_56.mp4,train
24.0,720.0,30.0,640.0,360.0,stu3_56.mp4,train
29.97002997002997,1739.0,58.024633333333334,640.0,360.0,stu6_54.mp4,train
30.0,120.0,4.0,406.0,720.0,stu1_70.mp4,train
23.976023976023978,1439.0,60.01829166666666,640.0,360.0,stu2_4.mp4,train
15.0,150.0,10.0,320.0,240.0,test1624.mp4,train
30.0,1800.0,60.0,480.0,360.0,stu9_50.mp4,train
24.0,1080.0,45.0,640.0,360.0,stu2_60.mp4,train
29.97002997002997,600.0,20.02,640.0,360.0,stu6_20.mp4,train
29.97002997002997,1409.0,47.01363333333333,640.0,360.0,stu5_65.mp4,train
29.97,1859.0,62.0286953620287,640.0,360.0,stu8_65.mp4,train
25.0,1000.0,40.0,640.0,360.0,stu2_11.mp4,train
29.97002997002997,599.0,19.986633333333334,640.0,360.0,stu3_46.mp4,train
29.97002997002997,1858.0,61.995266666666666,640.0,360.0,stu7_56.mp4,train
30.0,1500.0,50.0,202.0,360.0,stu5_15.mp4,train
25.0,250.0,10.0,640.0,360.0,test2015.mp4,train
23.976023976023978,479.0,19.978291666666664,640.0,360.0,stu5_3.mp4,train
23.976023976023978,1175.0,49.00729166666666,640.0,360.0,stu2_1.mp4,train
30.0,2100.0,70.0,960.0,720.0,stu4_71.mp4,train
30.0,1770.0,59.0,202.0,360.0,stu7_42.mp4,train
29.97002997002997,1498.0,49.983266666666665,640.0,360.0,stu2_71.mp4,train
29.97002997002997,300.0,10.01,176.0,144.0,train3367.mp4,train
29.97002997002997,300.0,10.01,480.0,272.0,train2477.mp4,train
29.97002997002997,300.0,10.01,640.0,360.0,train3932.mp4,train
29.97,1648.0,54.988321654988326,640.0,360.0,stu9_65.mp4,train
29.97002997002997,1589.0,53.01963333333333,640.0,360.0,stu4_16.mp4,train
30.0,1470.0,49.0,640.0,360.0,stu7_50.mp4,train
24.0,1440.0,60.0,640.0,360.0,stu8_48.mp4,train
29.508,1387.0,47.00420225023723,640.0,360.0,stu3_51.mp4,train
30.0,750.0,25.0,640.0,360.0,stu7_44.mp4,train
23.976023976023978,359.0,14.973291666666666,640.0,360.0,stu8_19.mp4,train
29.97002997002997,1049.0,35.00163333333333,1280.0,720.0,stu5_67.mp4,train
23.976023976023978,1391.0,58.01629166666666,640.0,360.0,stu7_32.mp4,train
29.97002997002997,959.0,31.998633333333334,640.0,360.0,stu6_37.mp4,train
25.0,250.0,10.0,640.0,360.0,test2331.mp4,train
29.97,1799.0,60.0266933600267,640.0,360.0,stu7_5.mp4,train
29.97,1798.0,59.99332665999333,640.0,360.0,stu7_9.mp4,train
24.0,1368.0,57.0,640.0,360.0,stu1_48.mp4,train
30.0,960.0,32.0,640.0,360.0,stu4_49.mp4,train
25.0,1225.0,49.0,640.0,360.0,stu10_26.mp4,train
29.97,1499.0,50.016683350016685,640.0,360.0,stu9_37.mp4,train
25.0,625.0,25.0,640.0,360.0,stu3_4.mp4,train
6.0,60.0,10.0,636.0,360.0,val914.mp4,train
30.0,1620.0,54.0,640.0,360.0,stu6_66.mp4,train
25.0,600.0,24.0,640.0,360.0,stu3_19.mp4,train
30.0,300.0,10.0,640.0,360.0,test142.mp4,train
30.0,750.0,25.0,640.0,360.0,stu6_31.mp4,train
29.97002997002997,660.0,22.022000000000002,640.0,360.0,stu9_15.mp4,train
29.97002997002997,300.0,10.01,640.0,360.0,test587.mp4,train
15.0,150.0,10.0,224.0,128.0,train168.mp4,train
24.0,1440.0,60.0,640.0,360.0,stu7_12.mp4,train
24.0,240.0,10.0,640.0,360.0,stu4_1.mp4,train
24.0,240.0,10.0,202.0,360.0,train1604.mp4,train
29.97002997002997,1168.0,38.97226666666667,640.0,360.0,stu10_29.mp4,train
29.97002997002997,660.0,22.022000000000002,640.0,360.0,stu3_12.mp4,train
29.944547134935306,450.0,15.027777777777777,202.0,360.0,stu4_8.mp4,train
29.97,1678.0,55.98932265598933,640.0,360.0,stu10_68.mp4,train
29.97002997002997,300.0,10.01,640.0,360.0,train1715.mp4,train
29.97,1798.0,59.99332665999333,640.0,360.0,stu9_11.mp4,train
25.0,750.0,30.0,640.0,360.0,stu1_44.mp4,train
30.0,1800.0,60.0,406.0,720.0,stu9_66.mp4,train
25.0,250.0,10.0,640.0,360.0,train3912.mp4,train
25.0,1325.0,53.0,640.0,360.0,stu6_40.mp4,train
29.97002997002997,300.0,10.01,202.0,360.0,test2298.mp4,train
29.97002997002997,360.0,12.012,640.0,360.0,stu3_0.mp4,train
29.97002997002997,359.0,11.978633333333333,640.0,360.0,stu11_10.mp4,train
29.97002997002997,1199.0,40.00663333333333,640.0,360.0,stu11_11.mp4,train
25.0,525.0,21.0,640.0,360.0,stu11_12.mp4,train
29.97002997002997,1768.0,58.992266666666666,640.0,360.0,stu11_13.mp4,train
25.0,700.0,28.0,640.0,360.0,stu11_14.mp4,train
30.0,630.0,21.0,640.0,360.0,stu11_15.mp4,train
30.0,810.0,27.0,640.0,360.0,stu11_16.mp4,train
30.0,630.0,21.0,640.0,360.0,stu11_17.mp4,train
30.0,660.0,22.0,640.0,360.0,stu11_18.mp4,train
30.0,510.0,17.0,640.0,360.0,stu11_19.mp4,train
30.0,660.0,22.0,640.0,360.0,stu11_20.mp4,train
30.0,540.0,18.0,640.0,360.0,stu11_21.mp4,train
30.0,780.0,26.0,640.0,360.0,stu11_22.mp4,train
25.0,825.0,33.0,640.0,360.0,stu11_23.mp4,train
25.0,1000.0,40.0,640.0,350.0,stu11_24.mp4,train
29.97,1199.0,40.00667334000668,640.0,360.0,stu11_25.mp4,train
25.0,850.0,34.0,640.0,360.0,stu11_26.mp4,train
29.97002997002997,929.0,30.997633333333333,640.0,360.0,stu11_27.mp4,train
25.0,600.0,24.0,640.0,360.0,stu11_28.mp4,train
25.0,575.0,23.0,640.0,360.0,stu11_29.mp4,train
25.0,800.0,32.0,640.0,360.0,stu11_40.mp4,train
25.0,950.0,38.0,640.0,360.0,stu11_41.mp4,train
25.0,850.0,34.0,640.0,360.0,stu11_42.mp4,train
25.0,675.0,27.0,640.0,360.0,stu11_43.mp4,train
30.0,1620.0,54.0,480.0,360.0,stu11_7.mp4,train
29.97002997002997,1799.0,60.026633333333336,640.0,360.0,stu11_8.mp4,train
23.976023976023978,912.0,38.038,640.0,360.0,stu11_9.mp4,train
23.976023976023978,1247.0,52.01029166666666,640.0,360.0,stu12_0.mp4,train
29.97002997002997,690.0,23.023,640.0,360.0,stu12_11.mp4,train
20.638,722.0,34.98401007849598,640.0,354.0,stu12_12.mp4,train
25.0,1025.0,41.0,640.0,360.0,stu12_14.mp4,train
25.0,850.0,34.0,640.0,360.0,stu12_15.mp4,train
25.0,600.0,24.0,640.0,360.0,stu12_16.mp4,train
25.0,750.0,30.0,640.0,360.0,stu12_17.mp4,train
25.0,525.0,21.0,640.0,360.0,stu12_18.mp4,train
25.0,975.0,39.0,640.0,360.0,stu12_19.mp4,train
25.0,950.0,38.0,640.0,350.0,stu12_20.mp4,train
25.0,300.0,12.0,640.0,350.0,stu12_21.mp4,train
25.0,875.0,35.0,640.0,350.0,stu12_22.mp4,train
25.0,825.0,33.0,640.0,350.0,stu12_23.mp4,train
25.0,1050.0,42.0,640.0,360.0,stu12_24.mp4,train
25.0,875.0,35.0,640.0,360.0,stu12_25.mp4,train
25.0,875.0,35.0,640.0,360.0,stu12_26.mp4,train
25.0,425.0,17.0,640.0,360.0,stu12_27.mp4,train
25.0,850.0,34.0,640.0,360.0,stu12_28.mp4,train
25.0,975.0,39.0,640.0,360.0,stu12_29.mp4,train
25.0,450.0,18.0,640.0,360.0,stu12_40.mp4,train
25.0,950.0,38.0,640.0,360.0,stu12_41.mp4,train
25.0,700.0,28.0,640.0,360.0,stu12_42.mp4,train
25.0,650.0,26.0,640.0,360.0,stu12_43.mp4,train
23.976023976023978,1295.0,54.01229166666666,640.0,360.0,stu12_7.mp4,train
23.976023976023978,983.0,40.999291666666664,640.0,360.0,stu13_0.mp4,train
30.0,870.0,29.0,640.0,360.0,stu13_10.mp4,train
30.0,720.0,24.0,640.0,360.0,stu13_11.mp4,train
25.0,475.0,19.0,640.0,360.0,stu13_12.mp4,train
25.0,1275.0,51.0,640.0,360.0,stu13_13.mp4,train
25.0,500.0,20.0,640.0,360.0,stu13_14.mp4,train
25.0,850.0,34.0,640.0,360.0,stu13_15.mp4,train
25.0,850.0,34.0,640.0,360.0,stu13_16.mp4,train
25.0,675.0,27.0,640.0,360.0,stu13_17.mp4,train
25.0,975.0,39.0,640.0,350.0,stu13_18.mp4,train
25.0,975.0,39.0,640.0,350.0,stu13_19.mp4,train
25.0,750.0,30.0,640.0,350.0,stu13_20.mp4,train
30.0,1020.0,34.0,480.0,360.0,stu13_21.mp4,train
25.0,800.0,32.0,640.0,360.0,stu13_22.mp4,train
25.0,775.0,31.0,640.0,360.0,stu13_23.mp4,train
25.0,750.0,30.0,640.0,360.0,stu13_24.mp4,train
25.0,375.0,15.0,640.0,360.0,stu13_25.mp4,train
25.0,825.0,33.0,640.0,360.0,stu13_26.mp4,train
25.0,1025.0,41.0,640.0,360.0,stu13_27.mp4,train
25.0,800.0,32.0,640.0,360.0,stu13_28.mp4,train
25.0,950.0,38.0,640.0,360.0,stu13_29.mp4,train
29.97,1739.0,58.0246913580247,640.0,360.0,stu13_4.mp4,train
25.0,650.0,26.0,640.0,360.0,stu13_40.mp4,train
25.0,600.0,24.0,640.0,360.0,stu13_41.mp4,train
25.0,950.0,38.0,640.0,360.0,stu13_42.mp4,train
25.0,850.0,34.0,640.0,360.0,stu13_43.mp4,train
25.0,875.0,35.0,640.0,360.0,stu13_7.mp4,train
25.0,400.0,16.0,640.0,360.0,stu13_8.mp4,train
29.97002997002997,1049.0,35.00163333333333,640.0,360.0,stu13_9.mp4,train
24.027,1441.0,59.97419569650809,480.0,360.0,stu3_3.mp4,valid
24.0,216.0,9.0,640.0,360.0,stu5_24.mp4,valid
29.97002997002997,630.0,21.021,640.0,360.0,stu2_15.mp4,valid
28.392,1079.0,38.00366300366301,204.0,360.0,stu5_40.mp4,valid
30.0,1800.0,60.0,960.0,720.0,stu4_70.mp4,valid
29.0,986.0,34.0,640.0,360.0,stu7_1.mp4,valid
29.97002997002997,300.0,10.01,480.0,360.0,train2720.mp4,valid
30.0,930.0,31.0,640.0,360.0,stu9_8.mp4,valid
29.97,599.0,19.986653319986655,640.0,360.0,stu1_47.mp4,valid
29.97002997002997,300.0,10.01,640.0,360.0,train3946.mp4,valid
30.0,300.0,10.0,640.0,360.0,train2481.mp4,valid
29.831001076426265,1462.0,49.00941796268899,202.0,360.0,stu10_56.mp4,valid
29.97002997002997,660.0,22.022000000000002,640.0,360.0,stu8_7.mp4,valid
25.0,423.0,16.92,480.0,360.0,stu2_57.mp4,valid
29.97002997002997,599.0,19.986633333333334,640.0,360.0,stu2_23.mp4,valid
29.97002997002997,209.0,6.973633333333334,640.0,360.0,stu1_26.mp4,valid
23.976023976023978,263.0,10.969291666666665,640.0,360.0,stu6_7.mp4,valid
30.0,1620.0,54.0,202.0,360.0,stu9_18.mp4,valid
29.305,1319.0,45.009384064152876,640.0,360.0,stu8_37.mp4,valid
30.0,960.0,32.0,640.0,360.0,stu7_19.mp4,valid
23.976023976023978,240.0,10.01,640.0,360.0,stu7_16.mp4,valid
25.0,250.0,10.0,480.0,360.0,test2023.mp4,valid
29.97,1498.0,49.983316649983315,640.0,360.0,stu10_44.mp4,valid
28.0,280.0,10.0,202.0,360.0,train2542.mp4,valid
25.0,325.0,13.0,640.0,360.0,stu5_17.mp4,valid
30.0,1560.0,52.0,270.0,360.0,stu6_57.mp4,valid
30.0,1350.0,45.0,640.0,360.0,stu1_38.mp4,valid
30.0,630.0,21.0,202.0,360.0,stu2_21.mp4,valid
30.0,990.0,33.0,640.0,360.0,stu7_66.mp4,valid
30.0,1680.0,56.0,406.0,720.0,stu6_61.mp4,valid
29.97,1799.0,60.0266933600267,640.0,360.0,stu8_62.mp4,valid
30.0,300.0,10.0,638.0,360.0,test159.mp4,valid
30.0,1800.0,60.0,640.0,360.0,stu10_47.mp4,valid
30.0,300.0,10.0,202.0,360.0,train3921.mp4,valid
23.976023976023978,456.0,19.019,1280.0,720.0,stu9_32.mp4,valid
30.0,1200.0,40.0,202.0,360.0,stu10_63.mp4,valid
29.508,1180.0,39.98915548325878,640.0,360.0,stu9_55.mp4,valid
30.0,360.0,12.0,640.0,360.0,stu5_21.mp4,valid
25.0,800.0,32.0,640.0,360.0,stu6_0.mp4,valid
30.0,1500.0,50.0,640.0,360.0,stu5_45.mp4,valid
30.0,1050.0,35.0,640.0,360.0,stu7_43.mp4,valid
30.0,360.0,12.0,202.0,360.0,stu1_17.mp4,valid
30.0,300.0,10.0,320.0,240.0,train2748.mp4,valid
29.97002997002997,900.0,30.03,640.0,360.0,stu6_17.mp4,valid
30.0,300.0,10.0,202.0,360.0,train1025.mp4,valid
25.0,250.0,10.0,480.0,360.0,val901.mp4,valid
25.0,1250.0,50.0,640.0,360.0,stu3_50.mp4,valid
25.0,475.0,19.0,640.0,360.0,stu5_36.mp4,valid
23.976023976023978,720.0,30.029999999999998,1280.0,720.0,stu3_66.mp4,valid
25.0,750.0,30.0,640.0,360.0,stu6_4.mp4,valid
23.976023976023978,1031.0,43.00129166666667,640.0,360.0,stu5_71.mp4,valid
30.0,600.0,20.0,640.0,360.0,stu5_19.mp4,valid
30.0,600.0,20.0,640.0,360.0,stu10_8.mp4,valid
30.0,1800.0,60.0,640.0,360.0,stu6_16.mp4,valid
10.0,330.0,33.0,640.0,360.0,stu3_54.mp4,valid
25.0,1250.0,50.0,640.0,360.0,stu1_34.mp4,valid
30.0,1680.0,56.0,640.0,360.0,stu1_57.mp4,valid
30.0,750.0,25.0,640.0,360.0,stu2_0.mp4,valid
29.0,290.0,10.0,640.0,360.0,test571.mp4,valid
28.182,282.0,10.006387055567384,480.0,360.0,train3348.mp4,valid
29.97,750.0,25.025025025025027,640.0,360.0,stu8_14.mp4,valid
29.97002997002997,1828.0,60.99426666666667,640.0,360.0,stu8_47.mp4,valid
29.97002997002997,900.0,30.03,640.0,360.0,stu10_42.mp4,valid
23.976023976023978,767.0,31.990291666666664,640.0,360.0,stu7_26.mp4,valid
29.97002997002997,330.0,11.011000000000001,640.0,360.0,stu6_48.mp4,valid
15.0,150.0,10.0,320.0,240.0,test1595.mp4,valid
29.924,1437.0,48.02165485897607,640.0,360.0,stu7_53.mp4,valid
30.0,810.0,27.0,640.0,360.0,stu2_59.mp4,valid
29.97,1649.0,55.02168835502169,640.0,360.0,stu7_36.mp4,valid
30.0,1020.0,34.0,640.0,360.0,stu3_16.mp4,valid
23.976023976023978,1439.0,60.01829166666666,640.0,360.0,stu1_39.mp4,valid
24.0,672.0,28.0,640.0,360.0,stu1_19.mp4,valid
24.0,864.0,36.0,640.0,360.0,stu5_59.mp4,valid
29.97002997002997,539.0,17.984633333333335,640.0,360.0,stu10_67.mp4,valid
23.976023976023978,720.0,30.029999999999998,640.0,360.0,stu7_65.mp4,valid
23.976023976023978,528.0,22.022,640.0,360.0,stu10_34.mp4,valid
29.97002997002997,1799.0,60.026633333333336,640.0,360.0,stu8_52.mp4,valid
23.976023976023978,1799.0,75.03329166666666,640.0,360.0,stu6_34.mp4,valid
23.976023976023978,528.0,22.022,640.0,360.0,stu4_11.mp4,valid
23.976023976023978,168.0,7.007,640.0,360.0,stu4_22.mp4,valid
29.97002997002997,1079.0,36.002633333333335,640.0,360.0,stu8_43.mp4,valid
25.0,1000.0,40.0,640.0,360.0,stu4_40.mp4,valid
29.97002997002997,1349.0,45.011633333333336,640.0,360.0,stu5_5.mp4,valid
30.0,510.0,17.0,640.0,360.0,stu9_13.mp4,valid
30.010003334444814,301.0,10.029988888888889,360.0,204.0,train3898.mp4,valid
29.97002997002997,1799.0,60.026633333333336,640.0,360.0,stu2_56.mp4,valid
29.97002997002997,359.0,11.978633333333333,480.0,360.0,stu6_21.mp4,valid
21.443,215.0,10.026582101385067,320.0,240.0,train1630.mp4,valid
29.97002997002997,300.0,10.01,1280.0,720.0,val1093.mp4,valid
14.0,140.0,10.0,144.0,176.0,test2349.mp4,valid
23.976023976023978,792.0,33.032999999999994,640.0,360.0,stu3_52.mp4,valid
30.0,300.0,10.0,640.0,360.0,train2711.mp4,valid
24.0,936.0,39.0,640.0,360.0,stu10_39.mp4,valid
30.0,2640.0,88.0,360.0,360.0,stu2_27.mp4,valid
29.97002997002997,1799.0,60.026633333333336,202.0,360.0,stu1_37.mp4,valid
30.0,720.0,24.0,640.0,360.0,stu10_13.mp4,valid
25.0,775.0,31.0,640.0,360.0,stu3_2.mp4,valid
29.97002997002997,720.0,24.024,640.0,360.0,stu9_19.mp4,valid
23.976023976023978,1294.0,53.97058333333333,640.0,360.0,stu4_45.mp4,valid
24.0,1440.0,60.0,640.0,360.0,stu5_9.mp4,valid
30.0,1920.0,64.0,960.0,720.0,stu10_69.mp4,valid
30.0,300.0,10.0,640.0,360.0,test2029.mp4,valid
29.97002997002997,1559.0,52.018633333333334,640.0,360.0,stu4_59.mp4,valid
25.0,225.0,9.0,640.0,360.0,stu3_1.mp4,valid
30.0,300.0,10.0,640.0,360.0,train990.mp4,valid
29.97002997002997,300.0,10.01,568.0,320.0,train2716.mp4,valid
30.0,300.0,10.0,640.0,360.0,train1010.mp4,valid
29.933,1527.0,51.013931112818625,640.0,360.0,stu8_53.mp4,valid
29.97002997002997,1678.0,55.989266666666666,640.0,360.0,stu5_26.mp4,valid
30.0,480.0,16.0,640.0,360.0,stu6_47.mp4,valid
23.976023976023978,384.0,16.016,640.0,360.0,stu5_22.mp4,valid
29.97002997002997,1048.0,34.968266666666665,480.0,360.0,stu8_54.mp4,valid
30.0,600.0,20.0,640.0,360.0,stu1_8.mp4,valid
30.0,1020.0,34.0,640.0,360.0,stu9_9.mp4,valid
23.771,1212.0,50.98649615077195,202.0,360.0,stu7_24.mp4,valid
25.0,375.0,15.0,640.0,360.0,stu12_35.mp4,valid
25.0,900.0,36.0,640.0,360.0,stu12_36.mp4,valid
25.0,925.0,37.0,640.0,360.0,stu12_37.mp4,valid
25.0,825.0,33.0,640.0,360.0,stu12_38.mp4,valid
25.0,1075.0,43.0,640.0,360.0,stu12_39.mp4,valid
25.0,975.0,39.0,640.0,360.0,stu11_30.mp4,valid
25.0,825.0,33.0,640.0,360.0,stu11_31.mp4,valid
25.0,825.0,33.0,640.0,360.0,stu11_32.mp4,valid
25.0,850.0,34.0,640.0,360.0,stu11_33.mp4,valid
25.0,950.0,38.0,640.0,360.0,stu11_34.mp4,valid
29.97002997002997,600.0,20.02,640.0,360.0,stu11_35.mp4,valid
25.0,1100.0,44.0,640.0,360.0,stu11_36.mp4,valid
25.0,825.0,33.0,640.0,360.0,stu11_37.mp4,valid
25.0,1000.0,40.0,640.0,360.0,stu11_38.mp4,valid
25.0,800.0,32.0,640.0,360.0,stu11_39.mp4,valid
25.0,250.0,10.0,480.0,270.0,train3344.mp4,test
30.0,450.0,15.0,202.0,360.0,stu8_42.mp4,test
30.0,540.0,18.0,640.0,360.0,stu2_39.mp4,test
8.547008547008547,86.0,10.062,176.0,144.0,train151.mp4,test
30.0,300.0,10.0,320.0,240.0,train1615.mp4,test
29.97002997002997,300.0,10.01,640.0,360.0,train2737.mp4,test
25.0,975.0,39.0,640.0,360.0,stu3_53.mp4,test
29.97002997002997,1499.0,50.01663333333333,480.0,360.0,stu5_23.mp4,test
25.0,250.0,10.0,640.0,360.0,val1244.mp4,test
30.0,300.0,10.0,600.0,360.0,train143.mp4,test
29.97002997002997,809.0,26.993633333333335,640.0,360.0,stu9_57.mp4,test
30.0,300.0,10.0,480.0,360.0,val1257.mp4,test
30.0,900.0,30.0,640.0,360.0,stu4_5.mp4,test
29.97002997002997,900.0,30.03,640.0,360.0,stu10_17.mp4,test
29.97002997002997,1798.0,59.99326666666667,640.0,360.0,stu4_27.mp4,test
25.0,250.0,10.0,640.0,360.0,test135.mp4,test
30.0,900.0,30.0,640.0,360.0,stu7_4.mp4,test
25.074,752.0,29.991225971125466,640.0,360.0,stu7_45.mp4,test
30.0,1230.0,41.0,640.0,360.0,stu9_64.mp4,test
29.97002997002997,1108.0,36.97026666666667,640.0,360.0,stu9_52.mp4,test
30.0,300.0,10.0,640.0,360.0,stu1_27.mp4,test
29.97002997002997,1019.0,34.00063333333333,640.0,360.0,stu10_24.mp4,test
29.97002997002997,509.0,16.983633333333334,640.0,360.0,stu10_25.mp4,test
30.0,1770.0,59.0,1280.0,720.0,stu9_48.mp4,test
29.97002997002997,899.0,29.996633333333335,640.0,360.0,stu10_48.mp4,test
30.0,300.0,10.0,400.0,226.0,train2508.mp4,test
30.0,1710.0,57.0,360.0,360.0,stu10_36.mp4,test
29.97,1109.0,37.00367033700367,640.0,360.0,stu6_63.mp4,test
30.0,300.0,10.0,1280.0,720.0,stu4_69.mp4,test
30.0,1230.0,41.0,640.0,360.0,stu3_31.mp4,test
25.0,1375.0,55.0,640.0,360.0,stu10_5.mp4,test
29.97002997002997,1799.0,60.026633333333336,640.0,360.0,stu5_47.mp4,test
23.976023976023978,360.0,15.014999999999999,640.0,360.0,stu6_15.mp4,test
29.97002997002997,1499.0,50.01663333333333,1280.0,720.0,stu8_70.mp4,test
29.97,1798.0,59.99332665999333,640.0,360.0,stu8_38.mp4,test
30.0,1110.0,37.0,1280.0,720.0,stu4_64.mp4,test
30.0,1560.0,52.0,640.0,360.0,stu5_62.mp4,test
30.0,900.0,30.0,360.0,360.0,stu10_1.mp4,test
15.0,720.0,48.0,480.0,360.0,stu7_35.mp4,test
15.0,1020.0,68.0,1280.0,720.0,stu2_55.mp4,test
25.0,1350.0,54.0,640.0,360.0,stu2_25.mp4,test
29.97002997002997,1229.0,41.00763333333333,640.0,360.0,stu6_30.mp4,test
29.97002997002997,1409.0,47.01363333333333,640.0,360.0,stu8_9.mp4,test
25.0,900.0,36.0,640.0,360.0,stu8_12.mp4,test
30.0,300.0,10.0,568.0,320.0,test538.mp4,test
23.976023976023978,767.0,31.990291666666664,640.0,360.0,stu5_18.mp4,test
30.0,630.0,21.0,640.0,360.0,stu5_27.mp4,test
30.0,1140.0,38.0,640.0,360.0,stu7_8.mp4,test
25.0,750.0,30.0,640.0,360.0,stu9_36.mp4,test
24.0,336.0,14.0,206.0,360.0,stu1_40.mp4,test
30.0,300.0,10.0,640.0,360.0,test536.mp4,test
30.0,1050.0,35.0,1280.0,720.0,stu4_63.mp4,test
30.0,1800.0,60.0,640.0,360.0,stu4_46.mp4,test
30.0,1740.0,58.0,640.0,360.0,stu3_58.mp4,test
29.842,416.0,13.94008444474231,202.0,360.0,stu7_30.mp4,test
30.0,1200.0,40.0,640.0,360.0,stu8_10.mp4,test
29.97002997002997,659.0,21.988633333333333,640.0,360.0,stu5_12.mp4,test
25.0,1250.0,50.0,640.0,360.0,stu9_17.mp4,test
30.0,300.0,10.0,640.0,360.0,train1665.mp4,test
30.0,1770.0,59.0,640.0,360.0,stu1_59.mp4,test
30.0,300.0,10.0,568.0,320.0,test2025.mp4,test
30.0,960.0,32.0,202.0,360.0,stu10_6.mp4,test
30.0,300.0,10.0,406.0,720.0,stu8_71.mp4,test
23.976023976023978,768.0,32.032,640.0,360.0,stu7_52.mp4,test
25.0,750.0,30.0,640.0,360.0,stu4_19.mp4,test
24.0,480.0,20.0,640.0,360.0,stu3_10.mp4,test
30.0,300.0,10.0,568.0,320.0,test2315.mp4,test
24.0,720.0,30.0,640.0,360.0,stu8_45.mp4,test
30.0,300.0,10.0,198.0,360.0,test2320.mp4,test
29.97002997002997,1109.0,37.00363333333333,640.0,360.0,stu4_29.mp4,test
25.0,800.0,32.0,640.0,360.0,stu9_47.mp4,test
30.0,300.0,10.0,202.0,360.0,val579.mp4,test
30.0,1830.0,61.0,640.0,360.0,stu2_62.mp4,test
30.0,840.0,28.0,406.0,720.0,stu6_68.mp4,test
30.0,870.0,29.0,640.0,360.0,stu2_34.mp4,test
29.97,1799.0,60.0266933600267,640.0,360.0,stu10_43.mp4,test
14.0,140.0,10.0,320.0,240.0,test2021.mp4,test
30.0,960.0,32.0,640.0,360.0,stu3_28.mp4,test
23.927,192.0,8.024407573034647,1280.0,720.0,stu9_71.mp4,test
24.0,233.0,9.708333333333334,626.0,360.0,stu2_5.mp4,test
30.0,990.0,33.0,202.0,360.0,stu9_45.mp4,test
29.97002997002997,479.0,15.982633333333334,640.0,360.0,stu4_12.mp4,test
29.97,1768.0,58.99232565899233,640.0,360.0,stu6_22.mp4,test
29.97002997002997,480.0,16.016000000000002,640.0,360.0,stu7_17.mp4,test
30.0,1050.0,35.0,640.0,360.0,stu3_5.mp4,test
29.97002997002997,1078.0,35.96926666666667,202.0,360.0,stu5_32.mp4,test
25.0,275.0,11.0,640.0,360.0,stu9_31.mp4,test
30.0,1710.0,57.0,640.0,360.0,stu6_42.mp4,test
29.97,1799.0,60.0266933600267,640.0,360.0,stu7_13.mp4,test
29.97002997002997,990.0,33.033,640.0,360.0,stu6_65.mp4,test
29.97002997002997,630.0,21.021,640.0,360.0,stu3_20.mp4,test
29.97002997002997,1378.0,45.97926666666667,640.0,360.0,stu5_68.mp4,test
23.97442727757059,239.0,9.968955555555556,640.0,360.0,stu8_28.mp4,test
29.97002997002997,749.0,24.991633333333333,640.0,360.0,stu6_24.mp4,test
30.0,1470.0,49.0,636.0,360.0,stu6_39.mp4,test
29.97002997002997,780.0,26.026,640.0,360.0,stu3_57.mp4,test
30.0,300.0,10.0,320.0,240.0,train2659.mp4,test
25.0,950.0,38.0,480.0,360.0,stu8_11.mp4,test
30.0,1320.0,44.0,240.0,360.0,stu3_25.mp4,test
30.0,630.0,21.0,640.0,360.0,stu4_28.mp4,test
25.0,625.0,25.0,640.0,360.0,stu10_19.mp4,test
29.948,959.0,32.022171764391615,640.0,360.0,stu8_25.mp4,test
29.97002997002997,1379.0,46.01263333333333,640.0,360.0,stu3_39.mp4,test
30.0,300.0,10.0,640.0,360.0,train2534.mp4,test
30.0,360.0,12.0,202.0,360.0,stu1_30.mp4,test
29.97002997002997,1528.0,50.98426666666667,640.0,360.0,stu2_65.mp4,test
30.0,300.0,10.0,480.0,360.0,train3335.mp4,test
29.97002997002997,780.0,26.026,640.0,360.0,stu1_60.mp4,test
15.0,150.0,10.0,176.0,144.0,test534.mp4,test
29.97002997002997,450.0,15.015,640.0,360.0,stu10_60.mp4,test
25.0,625.0,25.0,640.0,360.0,stu6_13.mp4,test
23.976023976023978,719.0,29.988291666666665,640.0,360.0,stu6_23.mp4,test
23.976023976023978,288.0,12.011999999999999,640.0,360.0,stu8_23.mp4,test
30.0,1320.0,44.0,408.0,720.0,stu4_68.mp4,test
25.0,300.0,12.0,640.0,360.0,stu9_34.mp4,test
30.0,300.0,10.0,202.0,360.0,test1454.mp4,test
29.97002997002997,1798.0,59.99326666666667,640.0,360.0,stu3_55.mp4,test
29.97002997002997,690.0,23.023,640.0,360.0,stu5_55.mp4,test
29.97002997002997,300.0,10.01,480.0,360.0,train3899.mp4,test
30.0,1500.0,50.0,640.0,360.0,stu6_3.mp4,test
25.0,250.0,10.0,640.0,360.0,test539.mp4,test
23.976023976023978,720.0,30.029999999999998,640.0,352.0,stu2_14.mp4,test
23.976023976023978,240.0,10.01,640.0,360.0,stu2_36.mp4,test
25.0,625.0,25.0,640.0,360.0,stu8_58.mp4,test
30.0,1800.0,60.0,640.0,360.0,stu8_49.mp4,test
25.0,1075.0,43.0,640.0,360.0,stu9_29.mp4,test
29.97002997002997,1799.0,60.026633333333336,640.0,360.0,stu2_37.mp4,test
23.976023976023978,624.0,26.026,640.0,360.0,stu7_10.mp4,test
23.976023976023978,719.0,29.988291666666665,426.0,240.0,stu3_15.mp4,test
29.97002997002997,1138.0,37.971266666666665,640.0,360.0,stu3_18.mp4,test
29.97002997002997,779.0,25.992633333333334,640.0,360.0,stu5_16.mp4,test
23.976023976023978,360.0,15.014999999999999,640.0,360.0,stu8_34.mp4,test
29.97002997002997,390.0,13.013,640.0,360.0,stu8_57.mp4,test
25.0,1050.0,42.0,640.0,360.0,stu8_46.mp4,test
30.0,1740.0,58.0,480.0,360.0,stu4_47.mp4,test
25.0,825.0,33.0,640.0,360.0,stu2_6.mp4,test
29.97002997002997,1079.0,36.002633333333335,640.0,360.0,stu1_36.mp4,test
25.0,800.0,32.0,640.0,360.0,stu13_30.mp4,test
25.0,1125.0,45.0,640.0,360.0,stu13_31.mp4,test
25.0,375.0,15.0,640.0,360.0,stu13_32.mp4,test
29.97002997002997,1018.0,33.96726666666667,640.0,360.0,stu13_33.mp4,test
25.0,375.0,15.0,640.0,360.0,stu13_34.mp4,test
25.0,850.0,34.0,640.0,360.0,stu13_35.mp4,test
25.0,800.0,32.0,640.0,360.0,stu13_36.mp4,test
25.0,1075.0,43.0,640.0,360.0,stu13_37.mp4,test
29.97002997002997,1079.0,36.002633333333335,640.0,360.0,stu13_38.mp4,test
25.0,800.0,32.0,640.0,360.0,stu13_39.mp4,test
25.0,700.0,28.0,640.0,360.0,stu12_30.mp4,test
29.97002997002997,929.0,30.997633333333333,640.0,360.0,stu12_31.mp4,test
20.847,938.0,44.9944836187461,360.0,360.0,stu12_32.mp4,test
25.0,850.0,34.0,640.0,360.0,stu12_33.mp4,test
29.97002997002997,1199.0,40.00663333333333,480.0,360.0,stu12_34.mp4,test
