name,pose_path,feature_path,type,split,count
test2340.mp4,/content/drive/MyDrive/FinalProjectCV/CV_Image_pose_detection/Data/LLSP/annotation_cleaned/pose_features/test2340.npy,/content/drive/MyDrive/FinalProjectCV/CV_Image_pose_detection/Data/LLSP/annotation_cleaned/squat_features/test2340_squat_features.npy,squat,train,4.0
stu4_66.mp4,/content/drive/MyDrive/FinalProjectCV/CV_Image_pose_detection/Data/LLSP/annotation_cleaned/pose_features/stu4_66.npy,/content/drive/MyDrive/FinalProjectCV/CV_Image_pose_detection/Data/LLSP/annotation_cleaned/squat_features/stu4_66_squat_features.npy,squat,train,27.0
stu9_63.mp4,/content/drive/MyDrive/FinalProjectCV/CV_Image_pose_detection/Data/LLSP/annotation_cleaned/pose_features/stu9_63.npy,/content/drive/MyDrive/FinalProjectCV/CV_Image_pose_detection/Data/LLSP/annotation_cleaned/squat_features/stu9_63_squat_features.npy,squat,train,20.0
stu1_68.mp4,/content/drive/MyDrive/FinalProjectCV/CV_Image_pose_detection/Data/LLSP/annotation_cleaned/pose_features/stu1_68.npy,/content/drive/MyDrive/FinalProjectCV/CV_Image_pose_detection/Data/LLSP/annotation_cleaned/squat_features/stu1_68_squat_features.npy,squat,train,20.0
stu6_62.mp4,/content/drive/MyDrive/FinalProjectCV/CV_Image_pose_detection/Data/LLSP/annotation_cleaned/pose_features/stu6_62.npy,/content/drive/MyDrive/FinalProjectCV/CV_Image_pose_detection/Data/LLSP/annotation_cleaned/squat_features/stu6_62_squat_features.npy,squat,train,20.0
stu8_64.mp4,/content/drive/MyDrive/FinalProjectCV/CV_Image_pose_detection/Data/LLSP/annotation_cleaned/pose_features/stu8_64.npy,/content/drive/MyDrive/FinalProjectCV/CV_Image_pose_detection/Data/LLSP/annotation_cleaned/squat_features/stu8_64_squat_features.npy,squat,train,3.0
stu7_67.mp4,/content/drive/MyDrive/FinalProjectCV/CV_Image_pose_detection/Data/LLSP/annotation_cleaned/pose_features/stu7_67.npy,/content/drive/MyDrive/FinalProjectCV/CV_Image_pose_detection/Data/LLSP/annotation_cleaned/squat_features/stu7_67_squat_features.npy,squat,train,29.0
stu3_65.mp4,/content/drive/MyDrive/FinalProjectCV/CV_Image_pose_detection/Data/LLSP/annotation_cleaned/pose_features/stu3_65.npy,/content/drive/MyDrive/FinalProjectCV/CV_Image_pose_detection/Data/LLSP/annotation_cleaned/squat_features/stu3_65_squat_features.npy,squat,train,6.0
stu10_64.mp4,/content/drive/MyDrive/FinalProjectCV/CV_Image_pose_detection/Data/LLSP/annotation_cleaned/pose_features/stu10_64.npy,/content/drive/MyDrive/FinalProjectCV/CV_Image_pose_detection/Data/LLSP/annotation_cleaned/squat_features/stu10_64_squat_features.npy,squat,train,2.0
stu3_61.mp4,/content/drive/MyDrive/FinalProjectCV/CV_Image_pose_detection/Data/LLSP/annotation_cleaned/pose_features/stu3_61.npy,/content/drive/MyDrive/FinalProjectCV/CV_Image_pose_detection/Data/LLSP/annotation_cleaned/squat_features/stu3_61_squat_features.npy,squat,train,19.0
stu8_63.mp4,/content/drive/MyDrive/FinalProjectCV/CV_Image_pose_detection/Data/LLSP/annotation_cleaned/pose_features/stu8_63.npy,/content/drive/MyDrive/FinalProjectCV/CV_Image_pose_detection/Data/LLSP/annotation_cleaned/squat_features/stu8_63_squat_features.npy,squat,train,26.0
stu3_62.mp4,/content/drive/MyDrive/FinalProjectCV/CV_Image_pose_detection/Data/LLSP/annotation_cleaned/pose_features/stu3_62.npy,/content/drive/MyDrive/FinalProjectCV/CV_Image_pose_detection/Data/LLSP/annotation_cleaned/squat_features/stu3_62_squat_features.npy,squat,train,13.0
stu8_69.mp4,/content/drive/MyDrive/FinalProjectCV/CV_Image_pose_detection/Data/LLSP/annotation_cleaned/pose_features/stu8_69.npy,/content/drive/MyDrive/FinalProjectCV/CV_Image_pose_detection/Data/LLSP/annotation_cleaned/squat_features/stu8_69_squat_features.npy,squat,train,19.0
stu7_63.mp4,/content/drive/MyDrive/FinalProjectCV/CV_Image_pose_detection/Data/LLSP/annotation_cleaned/pose_features/stu7_63.npy,/content/drive/MyDrive/FinalProjectCV/CV_Image_pose_detection/Data/LLSP/annotation_cleaned/squat_features/stu7_63_squat_features.npy,squat,train,12.0
stu7_64.mp4,/content/drive/MyDrive/FinalProjectCV/CV_Image_pose_detection/Data/LLSP/annotation_cleaned/pose_features/stu7_64.npy,/content/drive/MyDrive/FinalProjectCV/CV_Image_pose_detection/Data/LLSP/annotation_cleaned/squat_features/stu7_64_squat_features.npy,squat,train,11.0
train3948.mp4,/content/drive/MyDrive/FinalProjectCV/CV_Image_pose_detection/Data/LLSP/annotation_cleaned/pose_features/train3948.npy,/content/drive/MyDrive/FinalProjectCV/CV_Image_pose_detection/Data/LLSP/annotation_cleaned/squat_features/train3948_squat_features.npy,squat,train,2.0
stu4_61.mp4,/content/drive/MyDrive/FinalProjectCV/CV_Image_pose_detection/Data/LLSP/annotation_cleaned/pose_features/stu4_61.npy,/content/drive/MyDrive/FinalProjectCV/CV_Image_pose_detection/Data/LLSP/annotation_cleaned/squat_features/stu4_61_squat_features.npy,squat,train,10.0
stu8_59.mp4,/content/drive/MyDrive/FinalProjectCV/CV_Image_pose_detection/Data/LLSP/annotation_cleaned/pose_features/stu8_59.npy,/content/drive/MyDrive/FinalProjectCV/CV_Image_pose_detection/Data/LLSP/annotation_cleaned/squat_features/stu8_59_squat_features.npy,squat,train,10.0
stu6_58.mp4,/content/drive/MyDrive/FinalProjectCV/CV_Image_pose_detection/Data/LLSP/annotation_cleaned/pose_features/stu6_58.npy,/content/drive/MyDrive/FinalProjectCV/CV_Image_pose_detection/Data/LLSP/annotation_cleaned/squat_features/stu6_58_squat_features.npy,squat,train,5.0
stu10_65.mp4,/content/drive/MyDrive/FinalProjectCV/CV_Image_pose_detection/Data/LLSP/annotation_cleaned/pose_features/stu10_65.npy,/content/drive/MyDrive/FinalProjectCV/CV_Image_pose_detection/Data/LLSP/annotation_cleaned/squat_features/stu10_65_squat_features.npy,squat,train,4.0
stu1_72.mp4,/content/drive/MyDrive/FinalProjectCV/CV_Image_pose_detection/Data/LLSP/annotation_cleaned/pose_features/stu1_72.npy,/content/drive/MyDrive/FinalProjectCV/CV_Image_pose_detection/Data/LLSP/annotation_cleaned/squat_features/stu1_72_squat_features.npy,squat,train,21.0
stu6_70.mp4,/content/drive/MyDrive/FinalProjectCV/CV_Image_pose_detection/Data/LLSP/annotation_cleaned/pose_features/stu6_70.npy,/content/drive/MyDrive/FinalProjectCV/CV_Image_pose_detection/Data/LLSP/annotation_cleaned/squat_features/stu6_70_squat_features.npy,squat,train,26.0
stu5_70.mp4,/content/drive/MyDrive/FinalProjectCV/CV_Image_pose_detection/Data/LLSP/annotation_cleaned/pose_features/stu5_70.npy,/content/drive/MyDrive/FinalProjectCV/CV_Image_pose_detection/Data/LLSP/annotation_cleaned/squat_features/stu5_70_squat_features.npy,squat,train,6.0
stu3_64.mp4,/content/drive/MyDrive/FinalProjectCV/CV_Image_pose_detection/Data/LLSP/annotation_cleaned/pose_features/stu3_64.npy,/content/drive/MyDrive/FinalProjectCV/CV_Image_pose_detection/Data/LLSP/annotation_cleaned/squat_features/stu3_64_squat_features.npy,squat,train,19.0
stu5_66.mp4,/content/drive/MyDrive/FinalProjectCV/CV_Image_pose_detection/Data/LLSP/annotation_cleaned/pose_features/stu5_66.npy,/content/drive/MyDrive/FinalProjectCV/CV_Image_pose_detection/Data/LLSP/annotation_cleaned/squat_features/stu5_66_squat_features.npy,squat,train,12.0
val1235.mp4,/content/drive/MyDrive/FinalProjectCV/CV_Image_pose_detection/Data/LLSP/annotation_cleaned/pose_features/val1235.npy,/content/drive/MyDrive/FinalProjectCV/CV_Image_pose_detection/Data/LLSP/annotation_cleaned/squat_features/val1235_squat_features.npy,squat,train,2.0
train3959.mp4,/content/drive/MyDrive/FinalProjectCV/CV_Image_pose_detection/Data/LLSP/annotation_cleaned/pose_features/train3959.npy,/content/drive/MyDrive/FinalProjectCV/CV_Image_pose_detection/Data/LLSP/annotation_cleaned/squat_features/train3959_squat_features.npy,squat,train,2.0
stu3_59.mp4,/content/drive/MyDrive/FinalProjectCV/CV_Image_pose_detection/Data/LLSP/annotation_cleaned/pose_features/stu3_59.npy,/content/drive/MyDrive/FinalProjectCV/CV_Image_pose_detection/Data/LLSP/annotation_cleaned/squat_features/stu3_59_squat_features.npy,squat,train,1.0
stu6_67.mp4,/content/drive/MyDrive/FinalProjectCV/CV_Image_pose_detection/Data/LLSP/annotation_cleaned/pose_features/stu6_67.npy,/content/drive/MyDrive/FinalProjectCV/CV_Image_pose_detection/Data/LLSP/annotation_cleaned/squat_features/stu6_67_squat_features.npy,squat,train,20.0
test2319.mp4,/content/drive/MyDrive/FinalProjectCV/CV_Image_pose_detection/Data/LLSP/annotation_cleaned/pose_features/test2319.npy,/content/drive/MyDrive/FinalProjectCV/CV_Image_pose_detection/Data/LLSP/annotation_cleaned/squat_features/test2319_squat_features.npy,squat,train,7.0
stu4_62.mp4,/content/drive/MyDrive/FinalProjectCV/CV_Image_pose_detection/Data/LLSP/annotation_cleaned/pose_features/stu4_62.npy,/content/drive/MyDrive/FinalProjectCV/CV_Image_pose_detection/Data/LLSP/annotation_cleaned/squat_features/stu4_62_squat_features.npy,squat,train,14.0
stu2_72.mp4,/content/drive/MyDrive/FinalProjectCV/CV_Image_pose_detection/Data/LLSP/annotation_cleaned/pose_features/stu2_72.npy,/content/drive/MyDrive/FinalProjectCV/CV_Image_pose_detection/Data/LLSP/annotation_cleaned/squat_features/stu2_72_squat_features.npy,squat,train,12.0
train3944.mp4,/content/drive/MyDrive/FinalProjectCV/CV_Image_pose_detection/Data/LLSP/annotation_cleaned/pose_features/train3944.npy,/content/drive/MyDrive/FinalProjectCV/CV_Image_pose_detection/Data/LLSP/annotation_cleaned/squat_features/train3944_squat_features.npy,squat,train,2.0
stu2_69.mp4,/content/drive/MyDrive/FinalProjectCV/CV_Image_pose_detection/Data/LLSP/annotation_cleaned/pose_features/stu2_69.npy,/content/drive/MyDrive/FinalProjectCV/CV_Image_pose_detection/Data/LLSP/annotation_cleaned/squat_features/stu2_69_squat_features.npy,squat,train,21.0
val1250.mp4,/content/drive/MyDrive/FinalProjectCV/CV_Image_pose_detection/Data/LLSP/annotation_cleaned/pose_features/val1250.npy,/content/drive/MyDrive/FinalProjectCV/CV_Image_pose_detection/Data/LLSP/annotation_cleaned/squat_features/val1250_squat_features.npy,squat,train,4.0
stu5_64.mp4,/content/drive/MyDrive/FinalProjectCV/CV_Image_pose_detection/Data/LLSP/annotation_cleaned/pose_features/stu5_64.npy,/content/drive/MyDrive/FinalProjectCV/CV_Image_pose_detection/Data/LLSP/annotation_cleaned/squat_features/stu5_64_squat_features.npy,squat,train,20.0
stu1_71.mp4,/content/drive/MyDrive/FinalProjectCV/CV_Image_pose_detection/Data/LLSP/annotation_cleaned/pose_features/stu1_71.npy,/content/drive/MyDrive/FinalProjectCV/CV_Image_pose_detection/Data/LLSP/annotation_cleaned/squat_features/stu1_71_squat_features.npy,squat,train,4.0
stu6_59.mp4,/content/drive/MyDrive/FinalProjectCV/CV_Image_pose_detection/Data/LLSP/annotation_cleaned/pose_features/stu6_59.npy,/content/drive/MyDrive/FinalProjectCV/CV_Image_pose_detection/Data/LLSP/annotation_cleaned/squat_features/stu6_59_squat_features.npy,squat,train,10.0
stu9_69.mp4,/content/drive/MyDrive/FinalProjectCV/CV_Image_pose_detection/Data/LLSP/annotation_cleaned/pose_features/stu9_69.npy,/content/drive/MyDrive/FinalProjectCV/CV_Image_pose_detection/Data/LLSP/annotation_cleaned/squat_features/stu9_69_squat_features.npy,squat,train,21.0
stu10_71.mp4,/content/drive/MyDrive/FinalProjectCV/CV_Image_pose_detection/Data/LLSP/annotation_cleaned/pose_features/stu10_71.npy,/content/drive/MyDrive/FinalProjectCV/CV_Image_pose_detection/Data/LLSP/annotation_cleaned/squat_features/stu10_71_squat_features.npy,squat,train,4.0
val1256.mp4,/content/drive/MyDrive/FinalProjectCV/CV_Image_pose_detection/Data/LLSP/annotation_cleaned/pose_features/val1256.npy,/content/drive/MyDrive/FinalProjectCV/CV_Image_pose_detection/Data/LLSP/annotation_cleaned/squat_features/val1256_squat_features.npy,squat,train,2.0
test2326.mp4,/content/drive/MyDrive/FinalProjectCV/CV_Image_pose_detection/Data/LLSP/annotation_cleaned/pose_features/test2326.npy,/content/drive/MyDrive/FinalProjectCV/CV_Image_pose_detection/Data/LLSP/annotation_cleaned/squat_features/test2326_squat_features.npy,squat,train,2.0
stu3_72.mp4,/content/drive/MyDrive/FinalProjectCV/CV_Image_pose_detection/Data/LLSP/annotation_cleaned/pose_features/stu3_72.npy,/content/drive/MyDrive/FinalProjectCV/CV_Image_pose_detection/Data/LLSP/annotation_cleaned/squat_features/stu3_72_squat_features.npy,squat,train,1.0
stu8_68.mp4,/content/drive/MyDrive/FinalProjectCV/CV_Image_pose_detection/Data/LLSP/annotation_cleaned/pose_features/stu8_68.npy,/content/drive/MyDrive/FinalProjectCV/CV_Image_pose_detection/Data/LLSP/annotation_cleaned/squat_features/stu8_68_squat_features.npy,squat,train,3.0
stu2_70.mp4,/content/drive/MyDrive/FinalProjectCV/CV_Image_pose_detection/Data/LLSP/annotation_cleaned/pose_features/stu2_70.npy,/content/drive/MyDrive/FinalProjectCV/CV_Image_pose_detection/Data/LLSP/annotation_cleaned/squat_features/stu2_70_squat_features.npy,squat,train,13.0
stu4_67.mp4,/content/drive/MyDrive/FinalProjectCV/CV_Image_pose_detection/Data/LLSP/annotation_cleaned/pose_features/stu4_67.npy,/content/drive/MyDrive/FinalProjectCV/CV_Image_pose_detection/Data/LLSP/annotation_cleaned/squat_features/stu4_67_squat_features.npy,squat,train,9.0
stu1_69.mp4,/content/drive/MyDrive/FinalProjectCV/CV_Image_pose_detection/Data/LLSP/annotation_cleaned/pose_features/stu1_69.npy,/content/drive/MyDrive/FinalProjectCV/CV_Image_pose_detection/Data/LLSP/annotation_cleaned/squat_features/stu1_69_squat_features.npy,squat,train,9.0
stu3_71.mp4,/content/drive/MyDrive/FinalProjectCV/CV_Image_pose_detection/Data/LLSP/annotation_cleaned/pose_features/stu3_71.npy,/content/drive/MyDrive/FinalProjectCV/CV_Image_pose_detection/Data/LLSP/annotation_cleaned/squat_features/stu3_71_squat_features.npy,squat,train,2.0
stu8_66.mp4,/content/drive/MyDrive/FinalProjectCV/CV_Image_pose_detection/Data/LLSP/annotation_cleaned/pose_features/stu8_66.npy,/content/drive/MyDrive/FinalProjectCV/CV_Image_pose_detection/Data/LLSP/annotation_cleaned/squat_features/stu8_66_squat_features.npy,squat,train,5.0
stu7_69.mp4,/content/drive/MyDrive/FinalProjectCV/CV_Image_pose_detection/Data/LLSP/annotation_cleaned/pose_features/stu7_69.npy,/content/drive/MyDrive/FinalProjectCV/CV_Image_pose_detection/Data/LLSP/annotation_cleaned/squat_features/stu7_69_squat_features.npy,squat,train,20.0
train3951.mp4,/content/drive/MyDrive/FinalProjectCV/CV_Image_pose_detection/Data/LLSP/annotation_cleaned/pose_features/train3951.npy,/content/drive/MyDrive/FinalProjectCV/CV_Image_pose_detection/Data/LLSP/annotation_cleaned/squat_features/train3951_squat_features.npy,squat,train,4.0
stu9_70.mp4,/content/drive/MyDrive/FinalProjectCV/CV_Image_pose_detection/Data/LLSP/annotation_cleaned/pose_features/stu9_70.npy,/content/drive/MyDrive/FinalProjectCV/CV_Image_pose_detection/Data/LLSP/annotation_cleaned/squat_features/stu9_70_squat_features.npy,squat,train,4.0
stu10_70.mp4,/content/drive/MyDrive/FinalProjectCV/CV_Image_pose_detection/Data/LLSP/annotation_cleaned/pose_features/stu10_70.npy,/content/drive/MyDrive/FinalProjectCV/CV_Image_pose_detection/Data/LLSP/annotation_cleaned/squat_features/stu10_70_squat_features.npy,squat,train,5.0
stu2_68.mp4,/content/drive/MyDrive/FinalProjectCV/CV_Image_pose_detection/Data/LLSP/annotation_cleaned/pose_features/stu2_68.npy,/content/drive/MyDrive/FinalProjectCV/CV_Image_pose_detection/Data/LLSP/annotation_cleaned/squat_features/stu2_68_squat_features.npy,squat,train,25.0
stu9_68.mp4,/content/drive/MyDrive/FinalProjectCV/CV_Image_pose_detection/Data/LLSP/annotation_cleaned/pose_features/stu9_68.npy,/content/drive/MyDrive/FinalProjectCV/CV_Image_pose_detection/Data/LLSP/annotation_cleaned/squat_features/stu9_68_squat_features.npy,squat,train,20.0
test2299.mp4,/content/drive/MyDrive/FinalProjectCV/CV_Image_pose_detection/Data/LLSP/annotation_cleaned/pose_features/test2299.npy,/content/drive/MyDrive/FinalProjectCV/CV_Image_pose_detection/Data/LLSP/annotation_cleaned/squat_features/test2299_squat_features.npy,squat,train,2.0
test2309.mp4,/content/drive/MyDrive/FinalProjectCV/CV_Image_pose_detection/Data/LLSP/annotation_cleaned/pose_features/test2309.npy,/content/drive/MyDrive/FinalProjectCV/CV_Image_pose_detection/Data/LLSP/annotation_cleaned/squat_features/test2309_squat_features.npy,squat,train,2.0
stu7_68.mp4,/content/drive/MyDrive/FinalProjectCV/CV_Image_pose_detection/Data/LLSP/annotation_cleaned/pose_features/stu7_68.npy,/content/drive/MyDrive/FinalProjectCV/CV_Image_pose_detection/Data/LLSP/annotation_cleaned/squat_features/stu7_68_squat_features.npy,squat,train,20.0
stu8_67.mp4,/content/drive/MyDrive/FinalProjectCV/CV_Image_pose_detection/Data/LLSP/annotation_cleaned/pose_features/stu8_67.npy,/content/drive/MyDrive/FinalProjectCV/CV_Image_pose_detection/Data/LLSP/annotation_cleaned/squat_features/stu8_67_squat_features.npy,squat,train,3.0
val1258.mp4,/content/drive/MyDrive/FinalProjectCV/CV_Image_pose_detection/Data/LLSP/annotation_cleaned/pose_features/val1258.npy,/content/drive/MyDrive/FinalProjectCV/CV_Image_pose_detection/Data/LLSP/annotation_cleaned/squat_features/val1258_squat_features.npy,squat,train,3.0
stu3_69.mp4,/content/drive/MyDrive/FinalProjectCV/CV_Image_pose_detection/Data/LLSP/annotation_cleaned/pose_features/stu3_69.npy,/content/drive/MyDrive/FinalProjectCV/CV_Image_pose_detection/Data/LLSP/annotation_cleaned/squat_features/stu3_69_squat_features.npy,squat,train,10.0
test2318.mp4,/content/drive/MyDrive/FinalProjectCV/CV_Image_pose_detection/Data/LLSP/annotation_cleaned/pose_features/test2318.npy,/content/drive/MyDrive/FinalProjectCV/CV_Image_pose_detection/Data/LLSP/annotation_cleaned/squat_features/test2318_squat_features.npy,squat,train,4.0
stu3_70.mp4,/content/drive/MyDrive/FinalProjectCV/CV_Image_pose_detection/Data/LLSP/annotation_cleaned/pose_features/stu3_70.npy,/content/drive/MyDrive/FinalProjectCV/CV_Image_pose_detection/Data/LLSP/annotation_cleaned/squat_features/stu3_70_squat_features.npy,squat,train,12.0
stu3_60.mp4,/content/drive/MyDrive/FinalProjectCV/CV_Image_pose_detection/Data/LLSP/annotation_cleaned/pose_features/stu3_60.npy,/content/drive/MyDrive/FinalProjectCV/CV_Image_pose_detection/Data/LLSP/annotation_cleaned/squat_features/stu3_60_squat_features.npy,squat,train,4.0
stu6_60.mp4,/content/drive/MyDrive/FinalProjectCV/CV_Image_pose_detection/Data/LLSP/annotation_cleaned/pose_features/stu6_60.npy,/content/drive/MyDrive/FinalProjectCV/CV_Image_pose_detection/Data/LLSP/annotation_cleaned/squat_features/stu6_60_squat_features.npy,squat,train,35.0
stu5_63.mp4,/content/drive/MyDrive/FinalProjectCV/CV_Image_pose_detection/Data/LLSP/annotation_cleaned/pose_features/stu5_63.npy,/content/drive/MyDrive/FinalProjectCV/CV_Image_pose_detection/Data/LLSP/annotation_cleaned/squat_features/stu5_63_squat_features.npy,squat,train,21.0
stu3_68.mp4,/content/drive/MyDrive/FinalProjectCV/CV_Image_pose_detection/Data/LLSP/annotation_cleaned/pose_features/stu3_68.npy,/content/drive/MyDrive/FinalProjectCV/CV_Image_pose_detection/Data/LLSP/annotation_cleaned/squat_features/stu3_68_squat_features.npy,squat,train,17.0
stu2_67.mp4,/content/drive/MyDrive/FinalProjectCV/CV_Image_pose_detection/Data/LLSP/annotation_cleaned/pose_features/stu2_67.npy,/content/drive/MyDrive/FinalProjectCV/CV_Image_pose_detection/Data/LLSP/annotation_cleaned/squat_features/stu2_67_squat_features.npy,squat,train,11.0
stu10_66.mp4,/content/drive/MyDrive/FinalProjectCV/CV_Image_pose_detection/Data/LLSP/annotation_cleaned/pose_features/stu10_66.npy,/content/drive/MyDrive/FinalProjectCV/CV_Image_pose_detection/Data/LLSP/annotation_cleaned/squat_features/stu10_66_squat_features.npy,squat,train,25.0
stu3_63.mp4,/content/drive/MyDrive/FinalProjectCV/CV_Image_pose_detection/Data/LLSP/annotation_cleaned/pose_features/stu3_63.npy,/content/drive/MyDrive/FinalProjectCV/CV_Image_pose_detection/Data/LLSP/annotation_cleaned/squat_features/stu3_63_squat_features.npy,squat,train,7.0
stu6_11.mp4,/content/drive/MyDrive/FinalProjectCV/CV_Image_pose_detection/Data/LLSP/annotation_cleaned/pose_features/stu6_11.npy,/content/drive/MyDrive/FinalProjectCV/CV_Image_pose_detection/Data/LLSP/annotation_cleaned/squat_features/stu6_11_squat_features.npy,squat,train,22.0
stu6_71.mp4,/content/drive/MyDrive/FinalProjectCV/CV_Image_pose_detection/Data/LLSP/annotation_cleaned/pose_features/stu6_71.npy,/content/drive/MyDrive/FinalProjectCV/CV_Image_pose_detection/Data/LLSP/annotation_cleaned/squat_features/stu6_71_squat_features.npy,squat,train,2.0
stu10_62.mp4,/content/drive/MyDrive/FinalProjectCV/CV_Image_pose_detection/Data/LLSP/annotation_cleaned/pose_features/stu10_62.npy,/content/drive/MyDrive/FinalProjectCV/CV_Image_pose_detection/Data/LLSP/annotation_cleaned/squat_features/stu10_62_squat_features.npy,squat,train,3.0
stu6_64.mp4,/content/drive/MyDrive/FinalProjectCV/CV_Image_pose_detection/Data/LLSP/annotation_cleaned/pose_features/stu6_64.npy,/content/drive/MyDrive/FinalProjectCV/CV_Image_pose_detection/Data/LLSP/annotation_cleaned/squat_features/stu6_64_squat_features.npy,squat,train,3.0
stu1_67.mp4,/content/drive/MyDrive/FinalProjectCV/CV_Image_pose_detection/Data/LLSP/annotation_cleaned/pose_features/stu1_67.npy,/content/drive/MyDrive/FinalProjectCV/CV_Image_pose_detection/Data/LLSP/annotation_cleaned/squat_features/stu1_67_squat_features.npy,squat,train,20.0
test2317.mp4,/content/drive/MyDrive/FinalProjectCV/CV_Image_pose_detection/Data/LLSP/annotation_cleaned/pose_features/test2317.npy,/content/drive/MyDrive/FinalProjectCV/CV_Image_pose_detection/Data/LLSP/annotation_cleaned/squat_features/test2317_squat_features.npy,squat,train,3.0
stu7_70.mp4,/content/drive/MyDrive/FinalProjectCV/CV_Image_pose_detection/Data/LLSP/annotation_cleaned/pose_features/stu7_70.npy,/content/drive/MyDrive/FinalProjectCV/CV_Image_pose_detection/Data/LLSP/annotation_cleaned/squat_features/stu7_70_squat_features.npy,squat,train,6.0
stu4_72.mp4,/content/drive/MyDrive/FinalProjectCV/CV_Image_pose_detection/Data/LLSP/annotation_cleaned/pose_features/stu4_72.npy,/content/drive/MyDrive/FinalProjectCV/CV_Image_pose_detection/Data/LLSP/annotation_cleaned/squat_features/stu4_72_squat_features.npy,squat,train,3.0
stu8_61.mp4,/content/drive/MyDrive/FinalProjectCV/CV_Image_pose_detection/Data/LLSP/annotation_cleaned/pose_features/stu8_61.npy,/content/drive/MyDrive/FinalProjectCV/CV_Image_pose_detection/Data/LLSP/annotation_cleaned/squat_features/stu8_61_squat_features.npy,squat,train,5.0
stu8_60.mp4,/content/drive/MyDrive/FinalProjectCV/CV_Image_pose_detection/Data/LLSP/annotation_cleaned/pose_features/stu8_60.npy,/content/drive/MyDrive/FinalProjectCV/CV_Image_pose_detection/Data/LLSP/annotation_cleaned/squat_features/stu8_60_squat_features.npy,squat,train,11.0
stu6_69.mp4,/content/drive/MyDrive/FinalProjectCV/CV_Image_pose_detection/Data/LLSP/annotation_cleaned/pose_features/stu6_69.npy,/content/drive/MyDrive/FinalProjectCV/CV_Image_pose_detection/Data/LLSP/annotation_cleaned/squat_features/stu6_69_squat_features.npy,squat,train,15.0
test2295.mp4,/content/drive/MyDrive/FinalProjectCV/CV_Image_pose_detection/Data/LLSP/annotation_cleaned/pose_features/test2295.npy,/content/drive/MyDrive/FinalProjectCV/CV_Image_pose_detection/Data/LLSP/annotation_cleaned/squat_features/test2295_squat_features.npy,squat,train,1.0
stu5_69.mp4,/content/drive/MyDrive/FinalProjectCV/CV_Image_pose_detection/Data/LLSP/annotation_cleaned/pose_features/stu5_69.npy,/content/drive/MyDrive/FinalProjectCV/CV_Image_pose_detection/Data/LLSP/annotation_cleaned/squat_features/stu5_69_squat_features.npy,squat,train,10.0
stu7_62.mp4,/content/drive/MyDrive/FinalProjectCV/CV_Image_pose_detection/Data/LLSP/annotation_cleaned/pose_features/stu7_62.npy,/content/drive/MyDrive/FinalProjectCV/CV_Image_pose_detection/Data/LLSP/annotation_cleaned/squat_features/stu7_62_squat_features.npy,squat,train,9.0
stu4_65.mp4,/content/drive/MyDrive/FinalProjectCV/CV_Image_pose_detection/Data/LLSP/annotation_cleaned/pose_features/stu4_65.npy,/content/drive/MyDrive/FinalProjectCV/CV_Image_pose_detection/Data/LLSP/annotation_cleaned/squat_features/stu4_65_squat_features.npy,squat,train,24.0
stu7_71.mp4,/content/drive/MyDrive/FinalProjectCV/CV_Image_pose_detection/Data/LLSP/annotation_cleaned/pose_features/stu7_71.npy,/content/drive/MyDrive/FinalProjectCV/CV_Image_pose_detection/Data/LLSP/annotation_cleaned/squat_features/stu7_71_squat_features.npy,squat,train,32.0
test2323.mp4,/content/drive/MyDrive/FinalProjectCV/CV_Image_pose_detection/Data/LLSP/annotation_cleaned/pose_features/test2323.npy,/content/drive/MyDrive/FinalProjectCV/CV_Image_pose_detection/Data/LLSP/annotation_cleaned/squat_features/test2323_squat_features.npy,squat,train,2.0
stu3_67.mp4,/content/drive/MyDrive/FinalProjectCV/CV_Image_pose_detection/Data/LLSP/annotation_cleaned/pose_features/stu3_67.npy,/content/drive/MyDrive/FinalProjectCV/CV_Image_pose_detection/Data/LLSP/annotation_cleaned/squat_features/stu3_67_squat_features.npy,squat,train,9.0
stu1_70.mp4,/content/drive/MyDrive/FinalProjectCV/CV_Image_pose_detection/Data/LLSP/annotation_cleaned/pose_features/stu1_70.npy,/content/drive/MyDrive/FinalProjectCV/CV_Image_pose_detection/Data/LLSP/annotation_cleaned/squat_features/stu1_70_squat_features.npy,squat,train,1.0
stu5_65.mp4,/content/drive/MyDrive/FinalProjectCV/CV_Image_pose_detection/Data/LLSP/annotation_cleaned/pose_features/stu5_65.npy,/content/drive/MyDrive/FinalProjectCV/CV_Image_pose_detection/Data/LLSP/annotation_cleaned/squat_features/stu5_65_squat_features.npy,squat,train,18.0
stu8_65.mp4,/content/drive/MyDrive/FinalProjectCV/CV_Image_pose_detection/Data/LLSP/annotation_cleaned/pose_features/stu8_65.npy,/content/drive/MyDrive/FinalProjectCV/CV_Image_pose_detection/Data/LLSP/annotation_cleaned/squat_features/stu8_65_squat_features.npy,squat,train,24.0
stu4_71.mp4,/content/drive/MyDrive/FinalProjectCV/CV_Image_pose_detection/Data/LLSP/annotation_cleaned/pose_features/stu4_71.npy,/content/drive/MyDrive/FinalProjectCV/CV_Image_pose_detection/Data/LLSP/annotation_cleaned/squat_features/stu4_71_squat_features.npy,squat,train,36.0
stu2_71.mp4,/content/drive/MyDrive/FinalProjectCV/CV_Image_pose_detection/Data/LLSP/annotation_cleaned/pose_features/stu2_71.npy,/content/drive/MyDrive/FinalProjectCV/CV_Image_pose_detection/Data/LLSP/annotation_cleaned/squat_features/stu2_71_squat_features.npy,squat,train,14.0
train3932.mp4,/content/drive/MyDrive/FinalProjectCV/CV_Image_pose_detection/Data/LLSP/annotation_cleaned/pose_features/train3932.npy,/content/drive/MyDrive/FinalProjectCV/CV_Image_pose_detection/Data/LLSP/annotation_cleaned/squat_features/train3932_squat_features.npy,squat,train,2.0
stu9_65.mp4,/content/drive/MyDrive/FinalProjectCV/CV_Image_pose_detection/Data/LLSP/annotation_cleaned/pose_features/stu9_65.npy,/content/drive/MyDrive/FinalProjectCV/CV_Image_pose_detection/Data/LLSP/annotation_cleaned/squat_features/stu9_65_squat_features.npy,squat,train,24.0
stu5_67.mp4,/content/drive/MyDrive/FinalProjectCV/CV_Image_pose_detection/Data/LLSP/annotation_cleaned/pose_features/stu5_67.npy,/content/drive/MyDrive/FinalProjectCV/CV_Image_pose_detection/Data/LLSP/annotation_cleaned/squat_features/stu5_67_squat_features.npy,squat,train,16.0
test2331.mp4,/content/drive/MyDrive/FinalProjectCV/CV_Image_pose_detection/Data/LLSP/annotation_cleaned/pose_features/test2331.npy,/content/drive/MyDrive/FinalProjectCV/CV_Image_pose_detection/Data/LLSP/annotation_cleaned/squat_features/test2331_squat_features.npy,squat,train,2.0
stu6_66.mp4,/content/drive/MyDrive/FinalProjectCV/CV_Image_pose_detection/Data/LLSP/annotation_cleaned/pose_features/stu6_66.npy,/content/drive/MyDrive/FinalProjectCV/CV_Image_pose_detection/Data/LLSP/annotation_cleaned/squat_features/stu6_66_squat_features.npy,squat,train,21.0
stu10_68.mp4,/content/drive/MyDrive/FinalProjectCV/CV_Image_pose_detection/Data/LLSP/annotation_cleaned/pose_features/stu10_68.npy,/content/drive/MyDrive/FinalProjectCV/CV_Image_pose_detection/Data/LLSP/annotation_cleaned/squat_features/stu10_68_squat_features.npy,squat,train,20.0
stu9_66.mp4,/content/drive/MyDrive/FinalProjectCV/CV_Image_pose_detection/Data/LLSP/annotation_cleaned/pose_features/stu9_66.npy,/content/drive/MyDrive/FinalProjectCV/CV_Image_pose_detection/Data/LLSP/annotation_cleaned/squat_features/stu9_66_squat_features.npy,squat,train,35.0
train3912.mp4,/content/drive/MyDrive/FinalProjectCV/CV_Image_pose_detection/Data/LLSP/annotation_cleaned/pose_features/train3912.npy,/content/drive/MyDrive/FinalProjectCV/CV_Image_pose_detection/Data/LLSP/annotation_cleaned/squat_features/train3912_squat_features.npy,squat,train,4.0
test2298.mp4,/content/drive/MyDrive/FinalProjectCV/CV_Image_pose_detection/Data/LLSP/annotation_cleaned/pose_features/test2298.npy,/content/drive/MyDrive/FinalProjectCV/CV_Image_pose_detection/Data/LLSP/annotation_cleaned/squat_features/test2298_squat_features.npy,squat,train,2.0
stu4_70.mp4,/content/drive/MyDrive/FinalProjectCV/CV_Image_pose_detection/Data/LLSP/annotation_cleaned/pose_features/stu4_70.npy,/content/drive/MyDrive/FinalProjectCV/CV_Image_pose_detection/Data/LLSP/annotation_cleaned/squat_features/stu4_70_squat_features.npy,squat,valid,44.0
train3946.mp4,/content/drive/MyDrive/FinalProjectCV/CV_Image_pose_detection/Data/LLSP/annotation_cleaned/pose_features/train3946.npy,/content/drive/MyDrive/FinalProjectCV/CV_Image_pose_detection/Data/LLSP/annotation_cleaned/squat_features/train3946_squat_features.npy,squat,valid,2.0
stu6_57.mp4,/content/drive/MyDrive/FinalProjectCV/CV_Image_pose_detection/Data/LLSP/annotation_cleaned/pose_features/stu6_57.npy,/content/drive/MyDrive/FinalProjectCV/CV_Image_pose_detection/Data/LLSP/annotation_cleaned/squat_features/stu6_57_squat_features.npy,squat,valid,15.0
stu7_66.mp4,/content/drive/MyDrive/FinalProjectCV/CV_Image_pose_detection/Data/LLSP/annotation_cleaned/pose_features/stu7_66.npy,/content/drive/MyDrive/FinalProjectCV/CV_Image_pose_detection/Data/LLSP/annotation_cleaned/squat_features/stu7_66_squat_features.npy,squat,valid,13.0
stu6_61.mp4,/content/drive/MyDrive/FinalProjectCV/CV_Image_pose_detection/Data/LLSP/annotation_cleaned/pose_features/stu6_61.npy,/content/drive/MyDrive/FinalProjectCV/CV_Image_pose_detection/Data/LLSP/annotation_cleaned/squat_features/stu6_61_squat_features.npy,squat,valid,19.0
stu8_62.mp4,/content/drive/MyDrive/FinalProjectCV/CV_Image_pose_detection/Data/LLSP/annotation_cleaned/pose_features/stu8_62.npy,/content/drive/MyDrive/FinalProjectCV/CV_Image_pose_detection/Data/LLSP/annotation_cleaned/squat_features/stu8_62_squat_features.npy,squat,valid,22.0
train3921.mp4,/content/drive/MyDrive/FinalProjectCV/CV_Image_pose_detection/Data/LLSP/annotation_cleaned/pose_features/train3921.npy,/content/drive/MyDrive/FinalProjectCV/CV_Image_pose_detection/Data/LLSP/annotation_cleaned/squat_features/train3921_squat_features.npy,squat,valid,4.0
stu10_63.mp4,/content/drive/MyDrive/FinalProjectCV/CV_Image_pose_detection/Data/LLSP/annotation_cleaned/pose_features/stu10_63.npy,/content/drive/MyDrive/FinalProjectCV/CV_Image_pose_detection/Data/LLSP/annotation_cleaned/squat_features/stu10_63_squat_features.npy,squat,valid,16.0
stu3_66.mp4,/content/drive/MyDrive/FinalProjectCV/CV_Image_pose_detection/Data/LLSP/annotation_cleaned/pose_features/stu3_66.npy,/content/drive/MyDrive/FinalProjectCV/CV_Image_pose_detection/Data/LLSP/annotation_cleaned/squat_features/stu3_66_squat_features.npy,squat,valid,9.0
stu5_71.mp4,/content/drive/MyDrive/FinalProjectCV/CV_Image_pose_detection/Data/LLSP/annotation_cleaned/pose_features/stu5_71.npy,/content/drive/MyDrive/FinalProjectCV/CV_Image_pose_detection/Data/LLSP/annotation_cleaned/squat_features/stu5_71_squat_features.npy,squat,valid,19.0
stu10_67.mp4,/content/drive/MyDrive/FinalProjectCV/CV_Image_pose_detection/Data/LLSP/annotation_cleaned/pose_features/stu10_67.npy,/content/drive/MyDrive/FinalProjectCV/CV_Image_pose_detection/Data/LLSP/annotation_cleaned/squat_features/stu10_67_squat_features.npy,squat,valid,6.0
stu7_65.mp4,/content/drive/MyDrive/FinalProjectCV/CV_Image_pose_detection/Data/LLSP/annotation_cleaned/pose_features/stu7_65.npy,/content/drive/MyDrive/FinalProjectCV/CV_Image_pose_detection/Data/LLSP/annotation_cleaned/squat_features/stu7_65_squat_features.npy,squat,valid,9.0
train3898.mp4,/content/drive/MyDrive/FinalProjectCV/CV_Image_pose_detection/Data/LLSP/annotation_cleaned/pose_features/train3898.npy,/content/drive/MyDrive/FinalProjectCV/CV_Image_pose_detection/Data/LLSP/annotation_cleaned/squat_features/train3898_squat_features.npy,squat,valid,2.0
test2349.mp4,/content/drive/MyDrive/FinalProjectCV/CV_Image_pose_detection/Data/LLSP/annotation_cleaned/pose_features/test2349.npy,/content/drive/MyDrive/FinalProjectCV/CV_Image_pose_detection/Data/LLSP/annotation_cleaned/squat_features/test2349_squat_features.npy,squat,valid,6.0
stu9_67.mp4,/content/drive/MyDrive/FinalProjectCV/CV_Image_pose_detection/Data/LLSP/annotation_cleaned/pose_features/stu9_67.npy,/content/drive/MyDrive/FinalProjectCV/CV_Image_pose_detection/Data/LLSP/annotation_cleaned/squat_features/stu9_67_squat_features.npy,squat,valid,0.0
stu10_69.mp4,/content/drive/MyDrive/FinalProjectCV/CV_Image_pose_detection/Data/LLSP/annotation_cleaned/pose_features/stu10_69.npy,/content/drive/MyDrive/FinalProjectCV/CV_Image_pose_detection/Data/LLSP/annotation_cleaned/squat_features/stu10_69_squat_features.npy,squat,valid,39.0
