name,pose_path,feature_path,status,frames_total,frames_valid,mean_conf,message
test2340.mp4,/content/drive/MyDrive/FinalProjectCV/CV_Image_pose_detection/Data/LLSP/annotation_cleaned/pose_features/test2340.npy,/content/drive/MyDrive/FinalProjectCV/CV_Image_pose_detection/Data/LLSP/annotation_cleaned/squat_features/test2340_squat_features.npy,ok,300,288,0.9066178202629089,
stu4_66.mp4,/content/drive/MyDrive/FinalProjectCV/CV_Image_pose_detection/Data/LLSP/annotation_cleaned/pose_features/stu4_66.npy,/content/drive/MyDrive/FinalProjectCV/CV_Image_pose_detection/Data/LLSP/annotation_cleaned/squat_features/stu4_66_squat_features.npy,ok,1125,1021,0.8585705161094666,
stu9_63.mp4,/content/drive/MyDrive/FinalProjectCV/CV_Image_pose_detection/Data/LLSP/annotation_cleaned/pose_features/stu9_63.npy,/content/drive/MyDrive/FinalProjectCV/CV_Image_pose_detection/Data/LLSP/annotation_cleaned/squat_features/stu9_63_squat_features.npy,ok,1350,1331,0.9751018285751343,
stu1_68.mp4,/content/drive/MyDrive/FinalProjectCV/CV_Image_pose_detection/Data/LLSP/annotation_cleaned/pose_features/stu1_68.npy,/content/drive/MyDrive/FinalProjectCV/CV_Image_pose_detection/Data/LLSP/annotation_cleaned/squat_features/stu1_68_squat_features.npy,ok,936,936,0.9945676326751709,
stu6_62.mp4,/content/drive/MyDrive/FinalProjectCV/CV_Image_pose_detection/Data/LLSP/annotation_cleaned/pose_features/stu6_62.npy,/content/drive/MyDrive/FinalProjectCV/CV_Image_pose_detection/Data/LLSP/annotation_cleaned/squat_features/stu6_62_squat_features.npy,ok,749,748,0.9866897463798523,
stu8_64.mp4,/content/drive/MyDrive/FinalProjectCV/CV_Image_pose_detection/Data/LLSP/annotation_cleaned/pose_features/stu8_64.npy,/content/drive/MyDrive/FinalProjectCV/CV_Image_pose_detection/Data/LLSP/annotation_cleaned/squat_features/stu8_64_squat_features.npy,ok,250,245,0.8598777055740356,
stu7_67.mp4,/content/drive/MyDrive/FinalProjectCV/CV_Image_pose_detection/Data/LLSP/annotation_cleaned/pose_features/stu7_67.npy,/content/drive/MyDrive/FinalProjectCV/CV_Image_pose_detection/Data/LLSP/annotation_cleaned/squat_features/stu7_67_squat_features.npy,ok,1601,1601,0.9938136339187622,
stu3_65.mp4,/content/drive/MyDrive/FinalProjectCV/CV_Image_pose_detection/Data/LLSP/annotation_cleaned/pose_features/stu3_65.npy,/content/drive/MyDrive/FinalProjectCV/CV_Image_pose_detection/Data/LLSP/annotation_cleaned/squat_features/stu3_65_squat_features.npy,ok,1109,1109,0.9955788254737854,
stu10_64.mp4,/content/drive/MyDrive/FinalProjectCV/CV_Image_pose_detection/Data/LLSP/annotation_cleaned/pose_features/stu10_64.npy,/content/drive/MyDrive/FinalProjectCV/CV_Image_pose_detection/Data/LLSP/annotation_cleaned/squat_features/stu10_64_squat_features.npy,ok,390,390,0.9836870431900024,
stu3_61.mp4,/content/drive/MyDrive/FinalProjectCV/CV_Image_pose_detection/Data/LLSP/annotation_cleaned/pose_features/stu3_61.npy,/content/drive/MyDrive/FinalProjectCV/CV_Image_pose_detection/Data/LLSP/annotation_cleaned/squat_features/stu3_61_squat_features.npy,ok,1349,1349,0.9582310318946838,
stu8_63.mp4,/content/drive/MyDrive/FinalProjectCV/CV_Image_pose_detection/Data/LLSP/annotation_cleaned/pose_features/stu8_63.npy,/content/drive/MyDrive/FinalProjectCV/CV_Image_pose_detection/Data/LLSP/annotation_cleaned/squat_features/stu8_63_squat_features.npy,ok,1800,1800,0.9878130555152893,
stu3_62.mp4,/content/drive/MyDrive/FinalProjectCV/CV_Image_pose_detection/Data/LLSP/annotation_cleaned/pose_features/stu3_62.npy,/content/drive/MyDrive/FinalProjectCV/CV_Image_pose_detection/Data/LLSP/annotation_cleaned/squat_features/stu3_62_squat_features.npy,ok,1078,1078,0.9843152165412903,
stu8_69.mp4,/content/drive/MyDrive/FinalProjectCV/CV_Image_pose_detection/Data/LLSP/annotation_cleaned/pose_features/stu8_69.npy,/content/drive/MyDrive/FinalProjectCV/CV_Image_pose_detection/Data/LLSP/annotation_cleaned/squat_features/stu8_69_squat_features.npy,ok,1229,1229,0.9911366701126099,
stu7_63.mp4,/content/drive/MyDrive/FinalProjectCV/CV_Image_pose_detection/Data/LLSP/annotation_cleaned/pose_features/stu7_63.npy,/content/drive/MyDrive/FinalProjectCV/CV_Image_pose_detection/Data/LLSP/annotation_cleaned/squat_features/stu7_63_squat_features.npy,ok,1558,1558,0.9924162030220032,
stu7_64.mp4,/content/drive/MyDrive/FinalProjectCV/CV_Image_pose_detection/Data/LLSP/annotation_cleaned/pose_features/stu7_64.npy,/content/drive/MyDrive/FinalProjectCV/CV_Image_pose_detection/Data/LLSP/annotation_cleaned/squat_features/stu7_64_squat_features.npy,ok,1032,1031,0.9840620160102844,
train3948.mp4,/content/drive/MyDrive/FinalProjectCV/CV_Image_pose_detection/Data/LLSP/annotation_cleaned/pose_features/train3948.npy,/content/drive/MyDrive/FinalProjectCV/CV_Image_pose_detection/Data/LLSP/annotation_cleaned/squat_features/train3948_squat_features.npy,ok,204,204,0.8881306648254395,
stu4_61.mp4,/content/drive/MyDrive/FinalProjectCV/CV_Image_pose_detection/Data/LLSP/annotation_cleaned/pose_features/stu4_61.npy,/content/drive/MyDrive/FinalProjectCV/CV_Image_pose_detection/Data/LLSP/annotation_cleaned/squat_features/stu4_61_squat_features.npy,ok,1620,1620,0.994648814201355,
stu8_59.mp4,/content/drive/MyDrive/FinalProjectCV/CV_Image_pose_detection/Data/LLSP/annotation_cleaned/pose_features/stu8_59.npy,/content/drive/MyDrive/FinalProjectCV/CV_Image_pose_detection/Data/LLSP/annotation_cleaned/squat_features/stu8_59_squat_features.npy,ok,1200,1200,0.995541512966156,
stu6_58.mp4,/content/drive/MyDrive/FinalProjectCV/CV_Image_pose_detection/Data/LLSP/annotation_cleaned/pose_features/stu6_58.npy,/content/drive/MyDrive/FinalProjectCV/CV_Image_pose_detection/Data/LLSP/annotation_cleaned/squat_features/stu6_58_squat_features.npy,ok,375,322,0.7006937861442566,
stu10_65.mp4,/content/drive/MyDrive/FinalProjectCV/CV_Image_pose_detection/Data/LLSP/annotation_cleaned/pose_features/stu10_65.npy,/content/drive/MyDrive/FinalProjectCV/CV_Image_pose_detection/Data/LLSP/annotation_cleaned/squat_features/stu10_65_squat_features.npy,ok,672,639,0.9117394685745239,
stu1_72.mp4,/content/drive/MyDrive/FinalProjectCV/CV_Image_pose_detection/Data/LLSP/annotation_cleaned/pose_features/stu1_72.npy,/content/drive/MyDrive/FinalProjectCV/CV_Image_pose_detection/Data/LLSP/annotation_cleaned/squat_features/stu1_72_squat_features.npy,ok,1439,1412,0.9150940179824829,
stu6_70.mp4,/content/drive/MyDrive/FinalProjectCV/CV_Image_pose_detection/Data/LLSP/annotation_cleaned/pose_features/stu6_70.npy,/content/drive/MyDrive/FinalProjectCV/CV_Image_pose_detection/Data/LLSP/annotation_cleaned/squat_features/stu6_70_squat_features.npy,ok,1199,1199,0.978229820728302,
stu5_70.mp4,/content/drive/MyDrive/FinalProjectCV/CV_Image_pose_detection/Data/LLSP/annotation_cleaned/pose_features/stu5_70.npy,/content/drive/MyDrive/FinalProjectCV/CV_Image_pose_detection/Data/LLSP/annotation_cleaned/squat_features/stu5_70_squat_features.npy,ok,900,893,0.9508886933326721,
stu3_64.mp4,/content/drive/MyDrive/FinalProjectCV/CV_Image_pose_detection/Data/LLSP/annotation_cleaned/pose_features/stu3_64.npy,/content/drive/MyDrive/FinalProjectCV/CV_Image_pose_detection/Data/LLSP/annotation_cleaned/squat_features/stu3_64_squat_features.npy,ok,1615,1548,0.9387937188148499,
stu5_66.mp4,/content/drive/MyDrive/FinalProjectCV/CV_Image_pose_detection/Data/LLSP/annotation_cleaned/pose_features/stu5_66.npy,/content/drive/MyDrive/FinalProjectCV/CV_Image_pose_detection/Data/LLSP/annotation_cleaned/squat_features/stu5_66_squat_features.npy,ok,990,989,0.8335889577865601,
val1235.mp4,/content/drive/MyDrive/FinalProjectCV/CV_Image_pose_detection/Data/LLSP/annotation_cleaned/pose_features/val1235.npy,/content/drive/MyDrive/FinalProjectCV/CV_Image_pose_detection/Data/LLSP/annotation_cleaned/squat_features/val1235_squat_features.npy,ok,300,300,0.9764803051948547,
train3959.mp4,/content/drive/MyDrive/FinalProjectCV/CV_Image_pose_detection/Data/LLSP/annotation_cleaned/pose_features/train3959.npy,/content/drive/MyDrive/FinalProjectCV/CV_Image_pose_detection/Data/LLSP/annotation_cleaned/squat_features/train3959_squat_features.npy,ok,300,296,0.8879125118255615,
stu3_59.mp4,/content/drive/MyDrive/FinalProjectCV/CV_Image_pose_detection/Data/LLSP/annotation_cleaned/pose_features/stu3_59.npy,/content/drive/MyDrive/FinalProjectCV/CV_Image_pose_detection/Data/LLSP/annotation_cleaned/squat_features/stu3_59_squat_features.npy,ok,180,180,0.8602164387702942,
stu6_67.mp4,/content/drive/MyDrive/FinalProjectCV/CV_Image_pose_detection/Data/LLSP/annotation_cleaned/pose_features/stu6_67.npy,/content/drive/MyDrive/FinalProjectCV/CV_Image_pose_detection/Data/LLSP/annotation_cleaned/squat_features/stu6_67_squat_features.npy,ok,1275,1275,0.9934595227241516,
test2319.mp4,/content/drive/MyDrive/FinalProjectCV/CV_Image_pose_detection/Data/LLSP/annotation_cleaned/pose_features/test2319.npy,/content/drive/MyDrive/FinalProjectCV/CV_Image_pose_detection/Data/LLSP/annotation_cleaned/squat_features/test2319_squat_features.npy,ok,232,140,0.4054262936115265,
stu4_62.mp4,/content/drive/MyDrive/FinalProjectCV/CV_Image_pose_detection/Data/LLSP/annotation_cleaned/pose_features/stu4_62.npy,/content/drive/MyDrive/FinalProjectCV/CV_Image_pose_detection/Data/LLSP/annotation_cleaned/squat_features/stu4_62_squat_features.npy,ok,1619,1619,0.9844884872436523,
stu2_72.mp4,/content/drive/MyDrive/FinalProjectCV/CV_Image_pose_detection/Data/LLSP/annotation_cleaned/pose_features/stu2_72.npy,/content/drive/MyDrive/FinalProjectCV/CV_Image_pose_detection/Data/LLSP/annotation_cleaned/squat_features/stu2_72_squat_features.npy,ok,779,779,0.9945411682128906,
train3944.mp4,/content/drive/MyDrive/FinalProjectCV/CV_Image_pose_detection/Data/LLSP/annotation_cleaned/pose_features/train3944.npy,/content/drive/MyDrive/FinalProjectCV/CV_Image_pose_detection/Data/LLSP/annotation_cleaned/squat_features/train3944_squat_features.npy,ok,298,258,0.7274267673492432,
stu2_69.mp4,/content/drive/MyDrive/FinalProjectCV/CV_Image_pose_detection/Data/LLSP/annotation_cleaned/pose_features/stu2_69.npy,/content/drive/MyDrive/FinalProjectCV/CV_Image_pose_detection/Data/LLSP/annotation_cleaned/squat_features/stu2_69_squat_features.npy,ok,1950,1950,0.9893981218338013,
val1250.mp4,/content/drive/MyDrive/FinalProjectCV/CV_Image_pose_detection/Data/LLSP/annotation_cleaned/pose_features/val1250.npy,/content/drive/MyDrive/FinalProjectCV/CV_Image_pose_detection/Data/LLSP/annotation_cleaned/squat_features/val1250_squat_features.npy,ok,300,300,0.9967759251594543,
stu5_64.mp4,/content/drive/MyDrive/FinalProjectCV/CV_Image_pose_detection/Data/LLSP/annotation_cleaned/pose_features/stu5_64.npy,/content/drive/MyDrive/FinalProjectCV/CV_Image_pose_detection/Data/LLSP/annotation_cleaned/squat_features/stu5_64_squat_features.npy,ok,689,679,0.9688611030578613,
stu1_71.mp4,/content/drive/MyDrive/FinalProjectCV/CV_Image_pose_detection/Data/LLSP/annotation_cleaned/pose_features/stu1_71.npy,/content/drive/MyDrive/FinalProjectCV/CV_Image_pose_detection/Data/LLSP/annotation_cleaned/squat_features/stu1_71_squat_features.npy,ok,884,861,0.8208053112030029,
stu6_59.mp4,/content/drive/MyDrive/FinalProjectCV/CV_Image_pose_detection/Data/LLSP/annotation_cleaned/pose_features/stu6_59.npy,/content/drive/MyDrive/FinalProjectCV/CV_Image_pose_detection/Data/LLSP/annotation_cleaned/squat_features/stu6_59_squat_features.npy,ok,480,480,0.9920650720596313,
stu9_69.mp4,/content/drive/MyDrive/FinalProjectCV/CV_Image_pose_detection/Data/LLSP/annotation_cleaned/pose_features/stu9_69.npy,/content/drive/MyDrive/FinalProjectCV/CV_Image_pose_detection/Data/LLSP/annotation_cleaned/squat_features/stu9_69_squat_features.npy,ok,2550,2550,0.9948450922966003,
stu10_71.mp4,/content/drive/MyDrive/FinalProjectCV/CV_Image_pose_detection/Data/LLSP/annotation_cleaned/pose_features/stu10_71.npy,/content/drive/MyDrive/FinalProjectCV/CV_Image_pose_detection/Data/LLSP/annotation_cleaned/squat_features/stu10_71_squat_features.npy,ok,432,423,0.893657386302948,
val1256.mp4,/content/drive/MyDrive/FinalProjectCV/CV_Image_pose_detection/Data/LLSP/annotation_cleaned/pose_features/val1256.npy,/content/drive/MyDrive/FinalProjectCV/CV_Image_pose_detection/Data/LLSP/annotation_cleaned/squat_features/val1256_squat_features.npy,ok,300,299,0.9273841381072998,
test2326.mp4,/content/drive/MyDrive/FinalProjectCV/CV_Image_pose_detection/Data/LLSP/annotation_cleaned/pose_features/test2326.npy,/content/drive/MyDrive/FinalProjectCV/CV_Image_pose_detection/Data/LLSP/annotation_cleaned/squat_features/test2326_squat_features.npy,ok,300,300,0.9966111183166504,
stu3_72.mp4,/content/drive/MyDrive/FinalProjectCV/CV_Image_pose_detection/Data/LLSP/annotation_cleaned/pose_features/stu3_72.npy,/content/drive/MyDrive/FinalProjectCV/CV_Image_pose_detection/Data/LLSP/annotation_cleaned/squat_features/stu3_72_squat_features.npy,ok,300,300,0.9779573678970337,
stu8_68.mp4,/content/drive/MyDrive/FinalProjectCV/CV_Image_pose_detection/Data/LLSP/annotation_cleaned/pose_features/stu8_68.npy,/content/drive/MyDrive/FinalProjectCV/CV_Image_pose_detection/Data/LLSP/annotation_cleaned/squat_features/stu8_68_squat_features.npy,ok,275,275,0.9776648879051208,
stu2_70.mp4,/content/drive/MyDrive/FinalProjectCV/CV_Image_pose_detection/Data/LLSP/annotation_cleaned/pose_features/stu2_70.npy,/content/drive/MyDrive/FinalProjectCV/CV_Image_pose_detection/Data/LLSP/annotation_cleaned/squat_features/stu2_70_squat_features.npy,ok,1499,1499,0.9786228537559509,
stu4_67.mp4,/content/drive/MyDrive/FinalProjectCV/CV_Image_pose_detection/Data/LLSP/annotation_cleaned/pose_features/stu4_67.npy,/content/drive/MyDrive/FinalProjectCV/CV_Image_pose_detection/Data/LLSP/annotation_cleaned/squat_features/stu4_67_squat_features.npy,ok,1289,1289,0.9965344071388245,
stu1_69.mp4,/content/drive/MyDrive/FinalProjectCV/CV_Image_pose_detection/Data/LLSP/annotation_cleaned/pose_features/stu1_69.npy,/content/drive/MyDrive/FinalProjectCV/CV_Image_pose_detection/Data/LLSP/annotation_cleaned/squat_features/stu1_69_squat_features.npy,ok,575,575,0.9926547408103943,
stu3_71.mp4,/content/drive/MyDrive/FinalProjectCV/CV_Image_pose_detection/Data/LLSP/annotation_cleaned/pose_features/stu3_71.npy,/content/drive/MyDrive/FinalProjectCV/CV_Image_pose_detection/Data/LLSP/annotation_cleaned/squat_features/stu3_71_squat_features.npy,ok,330,330,0.9866666793823242,
stu8_66.mp4,/content/drive/MyDrive/FinalProjectCV/CV_Image_pose_detection/Data/LLSP/annotation_cleaned/pose_features/stu8_66.npy,/content/drive/MyDrive/FinalProjectCV/CV_Image_pose_detection/Data/LLSP/annotation_cleaned/squat_features/stu8_66_squat_features.npy,ok,719,717,0.9848009943962097,
stu7_69.mp4,/content/drive/MyDrive/FinalProjectCV/CV_Image_pose_detection/Data/LLSP/annotation_cleaned/pose_features/stu7_69.npy,/content/drive/MyDrive/FinalProjectCV/CV_Image_pose_detection/Data/LLSP/annotation_cleaned/squat_features/stu7_69_squat_features.npy,ok,1109,1109,0.9728015661239624,
train3951.mp4,/content/drive/MyDrive/FinalProjectCV/CV_Image_pose_detection/Data/LLSP/annotation_cleaned/pose_features/train3951.npy,/content/drive/MyDrive/FinalProjectCV/CV_Image_pose_detection/Data/LLSP/annotation_cleaned/squat_features/train3951_squat_features.npy,ok,300,300,0.9975805878639221,
stu9_70.mp4,/content/drive/MyDrive/FinalProjectCV/CV_Image_pose_detection/Data/LLSP/annotation_cleaned/pose_features/stu9_70.npy,/content/drive/MyDrive/FinalProjectCV/CV_Image_pose_detection/Data/LLSP/annotation_cleaned/squat_features/stu9_70_squat_features.npy,ok,384,384,0.976220428943634,
stu10_70.mp4,/content/drive/MyDrive/FinalProjectCV/CV_Image_pose_detection/Data/LLSP/annotation_cleaned/pose_features/stu10_70.npy,/content/drive/MyDrive/FinalProjectCV/CV_Image_pose_detection/Data/LLSP/annotation_cleaned/squat_features/stu10_70_squat_features.npy,ok,456,456,0.996170163154602,
stu2_68.mp4,/content/drive/MyDrive/FinalProjectCV/CV_Image_pose_detection/Data/LLSP/annotation_cleaned/pose_features/stu2_68.npy,/content/drive/MyDrive/FinalProjectCV/CV_Image_pose_detection/Data/LLSP/annotation_cleaned/squat_features/stu2_68_squat_features.npy,ok,1438,1222,0.6713058352470398,
stu9_68.mp4,/content/drive/MyDrive/FinalProjectCV/CV_Image_pose_detection/Data/LLSP/annotation_cleaned/pose_features/stu9_68.npy,/content/drive/MyDrive/FinalProjectCV/CV_Image_pose_detection/Data/LLSP/annotation_cleaned/squat_features/stu9_68_squat_features.npy,ok,1350,1350,0.9944858551025391,
test2299.mp4,/content/drive/MyDrive/FinalProjectCV/CV_Image_pose_detection/Data/LLSP/annotation_cleaned/pose_features/test2299.npy,/content/drive/MyDrive/FinalProjectCV/CV_Image_pose_detection/Data/LLSP/annotation_cleaned/squat_features/test2299_squat_features.npy,ok,300,300,0.8569400906562805,
test2309.mp4,/content/drive/MyDrive/FinalProjectCV/CV_Image_pose_detection/Data/LLSP/annotation_cleaned/pose_features/test2309.npy,/content/drive/MyDrive/FinalProjectCV/CV_Image_pose_detection/Data/LLSP/annotation_cleaned/squat_features/test2309_squat_features.npy,ok,300,300,0.9839319586753845,
stu7_68.mp4,/content/drive/MyDrive/FinalProjectCV/CV_Image_pose_detection/Data/LLSP/annotation_cleaned/pose_features/stu7_68.npy,/content/drive/MyDrive/FinalProjectCV/CV_Image_pose_detection/Data/LLSP/annotation_cleaned/squat_features/stu7_68_squat_features.npy,ok,900,900,0.989687442779541,
stu8_67.mp4,/content/drive/MyDrive/FinalProjectCV/CV_Image_pose_detection/Data/LLSP/annotation_cleaned/pose_features/stu8_67.npy,/content/drive/MyDrive/FinalProjectCV/CV_Image_pose_detection/Data/LLSP/annotation_cleaned/squat_features/stu8_67_squat_features.npy,ok,330,330,0.972716748714447,
val1258.mp4,/content/drive/MyDrive/FinalProjectCV/CV_Image_pose_detection/Data/LLSP/annotation_cleaned/pose_features/val1258.npy,/content/drive/MyDrive/FinalProjectCV/CV_Image_pose_detection/Data/LLSP/annotation_cleaned/squat_features/val1258_squat_features.npy,ok,300,300,0.9973483085632324,
stu3_69.mp4,/content/drive/MyDrive/FinalProjectCV/CV_Image_pose_detection/Data/LLSP/annotation_cleaned/pose_features/stu3_69.npy,/content/drive/MyDrive/FinalProjectCV/CV_Image_pose_detection/Data/LLSP/annotation_cleaned/squat_features/stu3_69_squat_features.npy,ok,450,450,0.9929889440536499,
test2318.mp4,/content/drive/MyDrive/FinalProjectCV/CV_Image_pose_detection/Data/LLSP/annotation_cleaned/pose_features/test2318.npy,/content/drive/MyDrive/FinalProjectCV/CV_Image_pose_detection/Data/LLSP/annotation_cleaned/squat_features/test2318_squat_features.npy,ok,300,300,0.9684723019599915,
stu3_70.mp4,/content/drive/MyDrive/FinalProjectCV/CV_Image_pose_detection/Data/LLSP/annotation_cleaned/pose_features/stu3_70.npy,/content/drive/MyDrive/FinalProjectCV/CV_Image_pose_detection/Data/LLSP/annotation_cleaned/squat_features/stu3_70_squat_features.npy,ok,500,500,0.9987007975578308,
stu3_60.mp4,/content/drive/MyDrive/FinalProjectCV/CV_Image_pose_detection/Data/LLSP/annotation_cleaned/pose_features/stu3_60.npy,/content/drive/MyDrive/FinalProjectCV/CV_Image_pose_detection/Data/LLSP/annotation_cleaned/squat_features/stu3_60_squat_features.npy,ok,210,210,0.9936529994010925,
stu6_60.mp4,/content/drive/MyDrive/FinalProjectCV/CV_Image_pose_detection/Data/LLSP/annotation_cleaned/pose_features/stu6_60.npy,/content/drive/MyDrive/FinalProjectCV/CV_Image_pose_detection/Data/LLSP/annotation_cleaned/squat_features/stu6_60_squat_features.npy,ok,1740,1740,0.9944407343864441,
stu5_63.mp4,/content/drive/MyDrive/FinalProjectCV/CV_Image_pose_detection/Data/LLSP/annotation_cleaned/pose_features/stu5_63.npy,/content/drive/MyDrive/FinalProjectCV/CV_Image_pose_detection/Data/LLSP/annotation_cleaned/squat_features/stu5_63_squat_features.npy,ok,960,960,0.9907282590866089,
stu3_68.mp4,/content/drive/MyDrive/FinalProjectCV/CV_Image_pose_detection/Data/LLSP/annotation_cleaned/pose_features/stu3_68.npy,/content/drive/MyDrive/FinalProjectCV/CV_Image_pose_detection/Data/LLSP/annotation_cleaned/squat_features/stu3_68_squat_features.npy,ok,1499,1498,0.9501917362213135,
stu2_67.mp4,/content/drive/MyDrive/FinalProjectCV/CV_Image_pose_detection/Data/LLSP/annotation_cleaned/pose_features/stu2_67.npy,/content/drive/MyDrive/FinalProjectCV/CV_Image_pose_detection/Data/LLSP/annotation_cleaned/squat_features/stu2_67_squat_features.npy,ok,1470,1465,0.9452732801437378,
stu10_66.mp4,/content/drive/MyDrive/FinalProjectCV/CV_Image_pose_detection/Data/LLSP/annotation_cleaned/pose_features/stu10_66.npy,/content/drive/MyDrive/FinalProjectCV/CV_Image_pose_detection/Data/LLSP/annotation_cleaned/squat_features/stu10_66_squat_features.npy,ok,1228,1228,0.9624800682067871,
stu3_63.mp4,/content/drive/MyDrive/FinalProjectCV/CV_Image_pose_detection/Data/LLSP/annotation_cleaned/pose_features/stu3_63.npy,/content/drive/MyDrive/FinalProjectCV/CV_Image_pose_detection/Data/LLSP/annotation_cleaned/squat_features/stu3_63_squat_features.npy,ok,390,386,0.8968610167503357,
stu6_11.mp4,/content/drive/MyDrive/FinalProjectCV/CV_Image_pose_detection/Data/LLSP/annotation_cleaned/pose_features/stu6_11.npy,/content/drive/MyDrive/FinalProjectCV/CV_Image_pose_detection/Data/LLSP/annotation_cleaned/squat_features/stu6_11_squat_features.npy,ok,1152,904,0.6608359813690186,
stu6_71.mp4,/content/drive/MyDrive/FinalProjectCV/CV_Image_pose_detection/Data/LLSP/annotation_cleaned/pose_features/stu6_71.npy,/content/drive/MyDrive/FinalProjectCV/CV_Image_pose_detection/Data/LLSP/annotation_cleaned/squat_features/stu6_71_squat_features.npy,ok,300,300,0.9709727168083191,
stu10_62.mp4,/content/drive/MyDrive/FinalProjectCV/CV_Image_pose_detection/Data/LLSP/annotation_cleaned/pose_features/stu10_62.npy,/content/drive/MyDrive/FinalProjectCV/CV_Image_pose_detection/Data/LLSP/annotation_cleaned/squat_features/stu10_62_squat_features.npy,ok,270,270,0.9662052989006042,
stu6_64.mp4,/content/drive/MyDrive/FinalProjectCV/CV_Image_pose_detection/Data/LLSP/annotation_cleaned/pose_features/stu6_64.npy,/content/drive/MyDrive/FinalProjectCV/CV_Image_pose_detection/Data/LLSP/annotation_cleaned/squat_features/stu6_64_squat_features.npy,ok,509,420,0.6897628307342529,
stu1_67.mp4,/content/drive/MyDrive/FinalProjectCV/CV_Image_pose_detection/Data/LLSP/annotation_cleaned/pose_features/stu1_67.npy,/content/drive/MyDrive/FinalProjectCV/CV_Image_pose_detection/Data/LLSP/annotation_cleaned/squat_features/stu1_67_squat_features.npy,ok,1079,1079,0.9963368773460388,
test2317.mp4,/content/drive/MyDrive/FinalProjectCV/CV_Image_pose_detection/Data/LLSP/annotation_cleaned/pose_features/test2317.npy,/content/drive/MyDrive/FinalProjectCV/CV_Image_pose_detection/Data/LLSP/annotation_cleaned/squat_features/test2317_squat_features.npy,ok,300,300,0.9698584079742432,
stu7_70.mp4,/content/drive/MyDrive/FinalProjectCV/CV_Image_pose_detection/Data/LLSP/annotation_cleaned/pose_features/stu7_70.npy,/content/drive/MyDrive/FinalProjectCV/CV_Image_pose_detection/Data/LLSP/annotation_cleaned/squat_features/stu7_70_squat_features.npy,ok,950,950,0.9677945375442505,
stu4_72.mp4,/content/drive/MyDrive/FinalProjectCV/CV_Image_pose_detection/Data/LLSP/annotation_cleaned/pose_features/stu4_72.npy,/content/drive/MyDrive/FinalProjectCV/CV_Image_pose_detection/Data/LLSP/annotation_cleaned/squat_features/stu4_72_squat_features.npy,ok,600,600,0.9933760762214661,
stu8_61.mp4,/content/drive/MyDrive/FinalProjectCV/CV_Image_pose_detection/Data/LLSP/annotation_cleaned/pose_features/stu8_61.npy,/content/drive/MyDrive/FinalProjectCV/CV_Image_pose_detection/Data/LLSP/annotation_cleaned/squat_features/stu8_61_squat_features.npy,ok,480,480,0.9902141690254211,
stu8_60.mp4,/content/drive/MyDrive/FinalProjectCV/CV_Image_pose_detection/Data/LLSP/annotation_cleaned/pose_features/stu8_60.npy,/content/drive/MyDrive/FinalProjectCV/CV_Image_pose_detection/Data/LLSP/annotation_cleaned/squat_features/stu8_60_squat_features.npy,ok,1168,1147,0.9588133096694946,
stu6_69.mp4,/content/drive/MyDrive/FinalProjectCV/CV_Image_pose_detection/Data/LLSP/annotation_cleaned/pose_features/stu6_69.npy,/content/drive/MyDrive/FinalProjectCV/CV_Image_pose_detection/Data/LLSP/annotation_cleaned/squat_features/stu6_69_squat_features.npy,ok,1618,1611,0.9546301364898682,
test2295.mp4,/content/drive/MyDrive/FinalProjectCV/CV_Image_pose_detection/Data/LLSP/annotation_cleaned/pose_features/test2295.npy,/content/drive/MyDrive/FinalProjectCV/CV_Image_pose_detection/Data/LLSP/annotation_cleaned/squat_features/test2295_squat_features.npy,ok,100,100,0.9920360445976257,
stu5_69.mp4,/content/drive/MyDrive/FinalProjectCV/CV_Image_pose_detection/Data/LLSP/annotation_cleaned/pose_features/stu5_69.npy,/content/drive/MyDrive/FinalProjectCV/CV_Image_pose_detection/Data/LLSP/annotation_cleaned/squat_features/stu5_69_squat_features.npy,ok,839,839,0.9916935563087463,
stu7_62.mp4,/content/drive/MyDrive/FinalProjectCV/CV_Image_pose_detection/Data/LLSP/annotation_cleaned/pose_features/stu7_62.npy,/content/drive/MyDrive/FinalProjectCV/CV_Image_pose_detection/Data/LLSP/annotation_cleaned/squat_features/stu7_62_squat_features.npy,ok,745,745,0.9956116676330566,
stu4_65.mp4,/content/drive/MyDrive/FinalProjectCV/CV_Image_pose_detection/Data/LLSP/annotation_cleaned/pose_features/stu4_65.npy,/content/drive/MyDrive/FinalProjectCV/CV_Image_pose_detection/Data/LLSP/annotation_cleaned/squat_features/stu4_65_squat_features.npy,ok,1260,1260,0.9628124237060547,
stu7_71.mp4,/content/drive/MyDrive/FinalProjectCV/CV_Image_pose_detection/Data/LLSP/annotation_cleaned/pose_features/stu7_71.npy,/content/drive/MyDrive/FinalProjectCV/CV_Image_pose_detection/Data/LLSP/annotation_cleaned/squat_features/stu7_71_squat_features.npy,ok,1348,1348,0.9844374060630798,
test2323.mp4,/content/drive/MyDrive/FinalProjectCV/CV_Image_pose_detection/Data/LLSP/annotation_cleaned/pose_features/test2323.npy,/content/drive/MyDrive/FinalProjectCV/CV_Image_pose_detection/Data/LLSP/annotation_cleaned/squat_features/test2323_squat_features.npy,ok,256,227,0.8128077983856201,
stu3_67.mp4,/content/drive/MyDrive/FinalProjectCV/CV_Image_pose_detection/Data/LLSP/annotation_cleaned/pose_features/stu3_67.npy,/content/drive/MyDrive/FinalProjectCV/CV_Image_pose_detection/Data/LLSP/annotation_cleaned/squat_features/stu3_67_squat_features.npy,ok,660,660,0.9757909774780273,
stu1_70.mp4,/content/drive/MyDrive/FinalProjectCV/CV_Image_pose_detection/Data/LLSP/annotation_cleaned/pose_features/stu1_70.npy,/content/drive/MyDrive/FinalProjectCV/CV_Image_pose_detection/Data/LLSP/annotation_cleaned/squat_features/stu1_70_squat_features.npy,ok,120,120,0.9797354936599731,
stu5_65.mp4,/content/drive/MyDrive/FinalProjectCV/CV_Image_pose_detection/Data/LLSP/annotation_cleaned/pose_features/stu5_65.npy,/content/drive/MyDrive/FinalProjectCV/CV_Image_pose_detection/Data/LLSP/annotation_cleaned/squat_features/stu5_65_squat_features.npy,ok,1409,1409,0.9933953881263733,
stu8_65.mp4,/content/drive/MyDrive/FinalProjectCV/CV_Image_pose_detection/Data/LLSP/annotation_cleaned/pose_features/stu8_65.npy,/content/drive/MyDrive/FinalProjectCV/CV_Image_pose_detection/Data/LLSP/annotation_cleaned/squat_features/stu8_65_squat_features.npy,ok,1859,1859,0.9715261459350586,
stu4_71.mp4,/content/drive/MyDrive/FinalProjectCV/CV_Image_pose_detection/Data/LLSP/annotation_cleaned/pose_features/stu4_71.npy,/content/drive/MyDrive/FinalProjectCV/CV_Image_pose_detection/Data/LLSP/annotation_cleaned/squat_features/stu4_71_squat_features.npy,ok,2100,2088,0.9610355496406555,
stu2_71.mp4,/content/drive/MyDrive/FinalProjectCV/CV_Image_pose_detection/Data/LLSP/annotation_cleaned/pose_features/stu2_71.npy,/content/drive/MyDrive/FinalProjectCV/CV_Image_pose_detection/Data/LLSP/annotation_cleaned/squat_features/stu2_71_squat_features.npy,ok,1498,1498,0.9846928715705872,
train3932.mp4,/content/drive/MyDrive/FinalProjectCV/CV_Image_pose_detection/Data/LLSP/annotation_cleaned/pose_features/train3932.npy,/content/drive/MyDrive/FinalProjectCV/CV_Image_pose_detection/Data/LLSP/annotation_cleaned/squat_features/train3932_squat_features.npy,ok,300,300,0.9889501929283142,
stu9_65.mp4,/content/drive/MyDrive/FinalProjectCV/CV_Image_pose_detection/Data/LLSP/annotation_cleaned/pose_features/stu9_65.npy,/content/drive/MyDrive/FinalProjectCV/CV_Image_pose_detection/Data/LLSP/annotation_cleaned/squat_features/stu9_65_squat_features.npy,ok,1648,1648,0.9935732483863831,
stu5_67.mp4,/content/drive/MyDrive/FinalProjectCV/CV_Image_pose_detection/Data/LLSP/annotation_cleaned/pose_features/stu5_67.npy,/content/drive/MyDrive/FinalProjectCV/CV_Image_pose_detection/Data/LLSP/annotation_cleaned/squat_features/stu5_67_squat_features.npy,ok,1049,1049,0.9737389087677002,
test2331.mp4,/content/drive/MyDrive/FinalProjectCV/CV_Image_pose_detection/Data/LLSP/annotation_cleaned/pose_features/test2331.npy,/content/drive/MyDrive/FinalProjectCV/CV_Image_pose_detection/Data/LLSP/annotation_cleaned/squat_features/test2331_squat_features.npy,ok,250,250,0.9862714409828186,
stu6_66.mp4,/content/drive/MyDrive/FinalProjectCV/CV_Image_pose_detection/Data/LLSP/annotation_cleaned/pose_features/stu6_66.npy,/content/drive/MyDrive/FinalProjectCV/CV_Image_pose_detection/Data/LLSP/annotation_cleaned/squat_features/stu6_66_squat_features.npy,ok,1620,1620,0.9930234551429749,
stu10_68.mp4,/content/drive/MyDrive/FinalProjectCV/CV_Image_pose_detection/Data/LLSP/annotation_cleaned/pose_features/stu10_68.npy,/content/drive/MyDrive/FinalProjectCV/CV_Image_pose_detection/Data/LLSP/annotation_cleaned/squat_features/stu10_68_squat_features.npy,ok,1678,1678,0.9840271472930908,
stu9_66.mp4,/content/drive/MyDrive/FinalProjectCV/CV_Image_pose_detection/Data/LLSP/annotation_cleaned/pose_features/stu9_66.npy,/content/drive/MyDrive/FinalProjectCV/CV_Image_pose_detection/Data/LLSP/annotation_cleaned/squat_features/stu9_66_squat_features.npy,ok,1800,1800,0.9943651556968689,
train3912.mp4,/content/drive/MyDrive/FinalProjectCV/CV_Image_pose_detection/Data/LLSP/annotation_cleaned/pose_features/train3912.npy,/content/drive/MyDrive/FinalProjectCV/CV_Image_pose_detection/Data/LLSP/annotation_cleaned/squat_features/train3912_squat_features.npy,ok,250,250,0.8871999979019165,
test2298.mp4,/content/drive/MyDrive/FinalProjectCV/CV_Image_pose_detection/Data/LLSP/annotation_cleaned/pose_features/test2298.npy,/content/drive/MyDrive/FinalProjectCV/CV_Image_pose_detection/Data/LLSP/annotation_cleaned/squat_features/test2298_squat_features.npy,ok,284,272,0.8845345973968506,
stu4_70.mp4,/content/drive/MyDrive/FinalProjectCV/CV_Image_pose_detection/Data/LLSP/annotation_cleaned/pose_features/stu4_70.npy,/content/drive/MyDrive/FinalProjectCV/CV_Image_pose_detection/Data/LLSP/annotation_cleaned/squat_features/stu4_70_squat_features.npy,ok,1800,1798,0.9818556904792786,
train3946.mp4,/content/drive/MyDrive/FinalProjectCV/CV_Image_pose_detection/Data/LLSP/annotation_cleaned/pose_features/train3946.npy,/content/drive/MyDrive/FinalProjectCV/CV_Image_pose_detection/Data/LLSP/annotation_cleaned/squat_features/train3946_squat_features.npy,ok,300,300,0.9899546504020691,
stu6_57.mp4,/content/drive/MyDrive/FinalProjectCV/CV_Image_pose_detection/Data/LLSP/annotation_cleaned/pose_features/stu6_57.npy,/content/drive/MyDrive/FinalProjectCV/CV_Image_pose_detection/Data/LLSP/annotation_cleaned/squat_features/stu6_57_squat_features.npy,ok,1559,1528,0.9614951014518738,
stu7_66.mp4,/content/drive/MyDrive/FinalProjectCV/CV_Image_pose_detection/Data/LLSP/annotation_cleaned/pose_features/stu7_66.npy,/content/drive/MyDrive/FinalProjectCV/CV_Image_pose_detection/Data/LLSP/annotation_cleaned/squat_features/stu7_66_squat_features.npy,ok,990,990,0.9925873279571533,
stu6_61.mp4,/content/drive/MyDrive/FinalProjectCV/CV_Image_pose_detection/Data/LLSP/annotation_cleaned/pose_features/stu6_61.npy,/content/drive/MyDrive/FinalProjectCV/CV_Image_pose_detection/Data/LLSP/annotation_cleaned/squat_features/stu6_61_squat_features.npy,ok,1680,1680,0.9959896802902222,
stu8_62.mp4,/content/drive/MyDrive/FinalProjectCV/CV_Image_pose_detection/Data/LLSP/annotation_cleaned/pose_features/stu8_62.npy,/content/drive/MyDrive/FinalProjectCV/CV_Image_pose_detection/Data/LLSP/annotation_cleaned/squat_features/stu8_62_squat_features.npy,ok,1799,1799,0.995858371257782,
train3921.mp4,/content/drive/MyDrive/FinalProjectCV/CV_Image_pose_detection/Data/LLSP/annotation_cleaned/pose_features/train3921.npy,/content/drive/MyDrive/FinalProjectCV/CV_Image_pose_detection/Data/LLSP/annotation_cleaned/squat_features/train3921_squat_features.npy,ok,300,300,0.9552837014198303,
stu10_63.mp4,/content/drive/MyDrive/FinalProjectCV/CV_Image_pose_detection/Data/LLSP/annotation_cleaned/pose_features/stu10_63.npy,/content/drive/MyDrive/FinalProjectCV/CV_Image_pose_detection/Data/LLSP/annotation_cleaned/squat_features/stu10_63_squat_features.npy,ok,1052,1040,0.8643404841423035,
stu3_66.mp4,/content/drive/MyDrive/FinalProjectCV/CV_Image_pose_detection/Data/LLSP/annotation_cleaned/pose_features/stu3_66.npy,/content/drive/MyDrive/FinalProjectCV/CV_Image_pose_detection/Data/LLSP/annotation_cleaned/squat_features/stu3_66_squat_features.npy,ok,720,720,0.9951765537261963,
stu5_71.mp4,/content/drive/MyDrive/FinalProjectCV/CV_Image_pose_detection/Data/LLSP/annotation_cleaned/pose_features/stu5_71.npy,/content/drive/MyDrive/FinalProjectCV/CV_Image_pose_detection/Data/LLSP/annotation_cleaned/squat_features/stu5_71_squat_features.npy,ok,1031,1030,0.9875518679618835,
stu10_67.mp4,/content/drive/MyDrive/FinalProjectCV/CV_Image_pose_detection/Data/LLSP/annotation_cleaned/pose_features/stu10_67.npy,/content/drive/MyDrive/FinalProjectCV/CV_Image_pose_detection/Data/LLSP/annotation_cleaned/squat_features/stu10_67_squat_features.npy,ok,539,539,0.9820708632469177,
stu7_65.mp4,/content/drive/MyDrive/FinalProjectCV/CV_Image_pose_detection/Data/LLSP/annotation_cleaned/pose_features/stu7_65.npy,/content/drive/MyDrive/FinalProjectCV/CV_Image_pose_detection/Data/LLSP/annotation_cleaned/squat_features/stu7_65_squat_features.npy,ok,711,597,0.7693362832069397,
train3898.mp4,/content/drive/MyDrive/FinalProjectCV/CV_Image_pose_detection/Data/LLSP/annotation_cleaned/pose_features/train3898.npy,/content/drive/MyDrive/FinalProjectCV/CV_Image_pose_detection/Data/LLSP/annotation_cleaned/squat_features/train3898_squat_features.npy,ok,299,77,0.23204709589481354,
test2349.mp4,/content/drive/MyDrive/FinalProjectCV/CV_Image_pose_detection/Data/LLSP/annotation_cleaned/pose_features/test2349.npy,/content/drive/MyDrive/FinalProjectCV/CV_Image_pose_detection/Data/LLSP/annotation_cleaned/squat_features/test2349_squat_features.npy,ok,128,128,0.9632102847099304,
stu9_67.mp4,/content/drive/MyDrive/FinalProjectCV/CV_Image_pose_detection/Data/LLSP/annotation_cleaned/pose_features/stu9_67.npy,/content/drive/MyDrive/FinalProjectCV/CV_Image_pose_detection/Data/LLSP/annotation_cleaned/squat_features/stu9_67_squat_features.npy,ok,275,275,0.993503987789154,
stu10_69.mp4,/content/drive/MyDrive/FinalProjectCV/CV_Image_pose_detection/Data/LLSP/annotation_cleaned/pose_features/stu10_69.npy,/content/drive/MyDrive/FinalProjectCV/CV_Image_pose_detection/Data/LLSP/annotation_cleaned/squat_features/stu10_69_squat_features.npy,ok,1920,1917,0.982842743396759,
